vbd_rank,display_name,pos,pos_rank,team,depth_rank,status,adp,round,pick_in_round,value,proj_mean,proj_median,p05,p95,vbd,vbd_floor,risk_shift,p_beat_replacement,p_top5_pos,p_starter,exp_games,pct_owned
1,Christian McCaffrey,RB,1,SF,1.0,ACT,7.72,1,8,6.0,285.9063913788309,287.33962814187066,72.53907236830956,496.34280692090863,150.07241806688756,121.54611062085094,-1,0.7785,0.51375,0.84275,13.22975,99.9
2,Puka Nacua,WR,1,LA,1.0,ACT,5.32,1,5,2.0,281.4916250938937,283.8205363112543,81.83300477758782,467.6446212643439,145.39363423549605,133.04760617898305,1,0.79975,0.479,0.883,13.87425,99.92
3,Ja'Marr Chase,WR,2,CIN,1.0,ACT,4.25,1,4,0.0,251.66312484301045,252.30423110676904,64.79411095172424,438.0432936792141,115.56513398461284,100.446152497958,0,0.71825,0.351,0.83875,13.63325,99.92
4,Jahmyr Gibbs,RB,2,DET,1.0,ACT,1.32,1,1,-3.0,248.964373371456,250.49988406263464,57.3199696337149,438.69785324345713,113.13040005951264,93.5066938241715,-1,0.70875,0.38,0.80425,13.34025,99.94
5,Rashee Rice,WR,3,KC,1.0,ACT,29.36,3,9,21.0,248.5344116264024,248.3782551929324,55.23121713833021,443.1362511332528,112.43642076800477,91.51750679349163,-1,0.68975,0.35625,0.81725,13.0315,99.52
6,Jaxon Smith-Njigba,WR,4,SEA,1.0,ACT,6.32,1,6,0.0,244.6299813105344,242.4590977161188,66.78740161397117,421.5176759269448,108.53199045213674,99.23257057002246,2,0.70625,0.321,0.8405,13.81725,99.92
7,Bijan Robinson,RB,3,ATL,1.0,ACT,2.39,1,2,-5.0,243.7058174453313,244.07752361266216,50.62335865520351,435.878121202749,107.87184413338797,84.81296904157493,0,0.684,0.36175,0.7775,13.26175,99.92
8,Jonathan Taylor,RB,4,IND,1.0,ACT,6.18,1,6,-3.0,231.6932481777997,232.72227709590132,51.11676796509661,413.0810102073711,95.85927486585636,78.53302065998194,-1,0.6625,0.31575,0.7635,13.15875,99.9
9,Amon-Ra St. Brown,WR,5,DET,1.0,ACT,8.41,1,8,-1.0,230.28253855953227,227.50579761797007,62.12886719547347,403.8417349342165,94.18454770113463,83.79509221221957,1,0.6625,0.2715,0.81025,13.62675,99.92
10,De'Von Achane,RB,5,MIA,1.0,ACT,12.76,2,3,2.0,226.7687786565596,226.5438505977804,47.49391381930737,407.4838669111239,90.93480534461624,77.8654629765927,0,0.64525,0.28825,0.76075,13.2425,99.86
11,CeeDee Lamb,WR,6,DAL,1.0,ACT,11.72,2,2,-1.0,210.08824593885123,206.11515039115903,48.217887756241296,375.0266294830393,73.99025508045361,66.27557023600076,0,0.58075,0.208,0.76225,13.2455,99.91
12,Derrick Henry,RB,6,BAL,1.0,ACT,16.51,2,7,2.0,208.8505338882719,207.075625996486,40.40564397165591,383.7339740023491,73.01656057632857,61.46455484437003,-3,0.59,0.22725,0.7135,13.0185,99.83
13,James Cook III,RB,7,BUF,1.0,ACT,10.1,2,0,-4.0,207.58262207530404,205.33592496037505,47.30553151595442,373.24411409096734,71.7486487633607,60.74951190406124,-3,0.57925,0.21325,0.70925,13.328,99.89
14,Chris Olave,WR,7,NO,1.0,ACT,29.49,3,9,13.0,206.7094865116978,203.4791532661833,47.90318889276424,370.4122767423879,70.61149565330018,65.93706603163159,1,0.57275,0.1865,0.761,13.52425,99.31
15,Drake London,WR,8,ATL,1.0,ACT,20.51,3,1,3.0,206.35908486774247,201.6751287421845,47.57947900225828,379.8988238435144,70.2610940093449,62.06429199607766,1,0.56325,0.19425,0.74425,13.31525,99.76
16,Garrett Wilson,WR,9,NYJ,1.0,ACT,37.08,4,7,18.0,197.88414451589915,192.89855887980664,38.349148622120765,371.8227452732106,61.78615365750153,50.71688671307297,-1,0.52775,0.1735,0.708,12.987,98.96
17,Malik Nabers,WR,10,NYG,1.0,ACT,35.32,4,5,14.0,194.47970333561776,186.37492441474,26.97226679746391,390.8962416234794,58.38171247722013,40.689969844951776,-6,0.50125,0.184,0.67325,12.784,99.08
18,Omarion Hampton,RB,8,LAC,1.0,ACT,17.94,2,8,-2.0,192.69036576203257,182.5170900731958,24.42499846724768,395.04469983511945,56.85639245008923,30.883343844111167,-14,0.49325,0.2035,0.614,12.6285,99.55
19,Josh Allen,QB,1,BUF,1.0,ACT,19.09,2,9,-2.0,298.8552082440693,313.3390354643399,112.8510309915719,423.3673842937703,56.00258366154199,66.06570158787699,7,0.525,0.43775,0.71475,14.16375,99.92
20,Chase Brown,RB,9,CIN,1.0,ACT,17.36,2,7,-5.0,191.20018364225345,188.25916271148992,35.870213241064086,360.05496514187536,55.36621033031011,42.265193699820585,-2,0.51425,0.16925,0.64925,13.03025,99.55
21,Nico Collins,WR,11,HOU,1.0,ACT,25.78,3,6,3.0,187.56505679188783,185.7216004276812,39.71484419042271,342.82679759809656,51.46706593349021,46.71176253451392,3,0.49825,0.1265,0.68825,13.316,99.69
22,Cam Skattebo,RB,10,NYG,1.0,ACT,44.98,5,5,17.0,187.02442007364348,172.3088841120451,22.268493565547924,393.9054685495181,51.190446761700144,24.045498342215083,-17,0.45475,0.1865,0.585,12.37125,98.61
23,Bucky Irving,RB,11,TB,1.0,ACT,56.55,6,7,28.0,186.92783998649904,176.79415805379364,27.88893987626608,387.668534004092,51.0938666745557,27.444820970550225,-10,0.4735,0.18375,0.596,12.68425,96.39
24,George Pickens,WR,12,DAL,2.0,ACT,28.24,3,8,1.0,186.35149331749847,184.74645252528467,35.51327264687618,344.53694685253083,50.25350245910085,43.091547576291006,4,0.492,0.13325,0.68025,12.976,99.72
25,Kyren Williams,RB,12,LA,1.0,ACT,34.67,4,5,5.0,185.4506501968833,183.08223626352373,38.105858274370426,343.5702771301633,49.61667688493995,44.104951718938125,6,0.496,0.14275,0.6425,13.2345,98.68
26,Saquon Barkley,RB,13,PHI,1.0,ACT,14.03,2,4,-13.0,185.3898664314145,180.66366417063284,35.41487004609225,347.5113218265904,49.555893119471165,42.32154263095467,5,0.48475,0.1525,0.63275,12.9865,99.87
27,George Kittle,TE,1,SF,1.0,ACT,71.36,8,1,33.0,170.94201224674697,168.21005649741824,29.08756222578168,325.8867478322602,46.29120999276729,31.02470006514004,-4,0.50675,0.42,0.6405,12.16225,93.67
28,D'Andre Swift,RB,14,CHI,1.0,ACT,52.07,6,2,18.0,179.67974833963578,177.39921099748926,32.97754092765845,339.7840107543982,43.84577502769244,37.73919615372412,4,0.4665,0.13325,0.6195,13.01025,95.46
29,Ashton Jeanty,RB,15,LV,1.0,ACT,21.76,3,2,-9.0,173.94624414557563,162.24397722172316,24.152918655480832,360.12891676441933,38.11227083363229,23.42252575599767,-11,0.42325,0.1415,0.55325,13.0925,99.66
30,Trey McBride,TE,2,ARI,1.0,ACT,23.18,3,3,-9.0,161.37019235702908,156.11820285039593,26.574764706462883,317.0225430031673,36.719390103049406,17.064420851918754,-18,0.4565,0.381,0.58725,11.71,99.88
31,Zay Flowers,WR,13,BAL,1.0,ACT,43.96,5,4,7.0,171.98638538933457,168.99836751553903,36.92620744318839,316.7511035423193,35.88839453093695,36.933858209775536,5,0.42175,0.0855,0.6365,13.52175,98.54
32,Justin Jefferson,WR,14,MIN,1.0,ACT,12.52,2,3,-21.0,171.46170808831008,169.8570719082402,32.434050447681145,322.8624521316239,35.36371722991245,34.347301940212645,5,0.42375,0.088,0.64,13.2675,99.89
33,Christian Watson,WR,15,GB,1.0,ACT,88.63,9,9,42.0,171.26864355545788,168.68138400056932,32.135866939897056,324.93698832721986,35.17065269706026,32.681324108855605,4,0.421,0.09175,0.63075,12.973,89.37
34,A.J. Brown,WR,16,NE,1.0,ACT,21.16,3,1,-15.0,170.93694188264587,166.49836294410397,32.91815013496984,322.70391775617145,34.838951024248246,32.05318212204806,4,0.4175,0.09075,0.6255,13.15825,99.7
35,J.K. Dobbins,RB,16,DEN,1.0,ACT,111.73,12,2,57.0,170.1878907734761,164.45023866230594,24.46294770847312,331.95551227111105,34.353917461532774,26.708383222049303,1,0.42575,0.11825,0.56875,12.64075,84.07
36,Drake Maye,QB,2,NE,1.0,ACT,46.9,5,7,6.0,276.12544404977257,281.73921889086864,84.26196725044767,439.679617629,33.272819467245284,25.834527754945668,0,0.38,0.32825,0.56875,13.897,99.38
37,Terry McLaurin,WR,17,WAS,1.0,ACT,60.9,7,1,16.0,166.59024695375285,160.6242191139513,27.056534411755035,326.0247275885253,30.49225609535523,25.205786016432583,0,0.39525,0.0895,0.599,12.6545,95.93
38,DK Metcalf,WR,18,PIT,1.0,ACT,85.61,9,6,32.0,165.18481413815763,161.75241459682988,30.31246872494666,316.51245105400875,29.08682327976001,26.328407208151603,3,0.39,0.08625,0.60175,13.22375,91.84
39,Jalen Hurts,QB,3,PHI,1.0,ACT,54.59,6,5,11.0,271.80274433114744,287.477352559202,87.67629429981073,393.591430895923,28.950119748620157,37.33702703627529,14,0.3785,0.29,0.607,13.9265,98.38
40,Javonte Williams,RB,17,DAL,1.0,ACT,32.5,4,2,-12.0,163.91803893016194,160.10296866904153,29.944103318275783,314.6970709950927,28.0840656182186,22.93474608465812,-1,0.3955,0.09225,0.55125,12.97225,98.97
41,Tee Higgins,WR,19,CIN,2.0,ACT,51.82,6,2,4.0,162.9762456585832,157.4822879078834,27.471506243594533,320.16626024075146,26.878254800185573,20.927913268368115,-2,0.38175,0.0865,0.58275,12.52125,97.2
42,Dak Prescott,QB,4,DAL,1.0,ACT,71.92,8,2,19.0,268.18017607142303,283.1366379475339,88.47823829301673,391.37377177601377,25.32755148889575,33.90945502132979,14,0.3525,0.26975,0.59075,13.88875,93.58
43,Breece Hall,RB,18,NYJ,1.0,ACT,35.95,4,6,-11.0,160.90318603331409,155.05216519334516,27.893282502853754,310.9656931371644,25.069212721370747,22.31336691846924,1,0.36975,0.08175,0.528,12.996,98.76
44,DeVonta Smith,WR,20,PHI,1.0,ACT,36.36,4,6,-11.0,159.42457247044018,153.4182668505961,34.00829024219408,303.28695417067104,23.32658161204256,25.14701953112608,6,0.352,0.061,0.5775,13.282,99.23
45,Mike Evans,WR,21,SF,1.0,ACT,83.8,9,4,24.0,158.40625359155337,152.9853774973452,22.881175779050444,310.93100784164494,22.308262733155743,18.424988249700647,-1,0.35975,0.077,0.57175,12.3375,90.49
46,Sam LaPorta,TE,3,DET,1.0,ACT,74.61,8,5,16.0,146.82465487128184,142.1855312032777,24.624850222068705,288.47661980963386,22.17385261730216,12.780754621311956,-7,0.38375,0.303,0.53475,12.25425,95.63
47,Jayden Daniels,QB,5,WAS,1.0,ACT,52.9,6,3,1.0,262.965349419545,268.56949752106016,53.86624268387008,453.7048927034032,20.112724837017737,-5.21846079007932,-46,0.363,0.3155,0.50725,12.82675,98.99
48,Jaylen Warren,RB,19,PIT,1.0,ACT,86.07,9,6,24.0,155.7263284552474,153.7234053797195,25.91979625979769,302.56902991259926,19.89235514330406,20.023195537647467,4,0.3455,0.07575,0.515,12.9475,90.15
49,Joe Burrow,QB,6,CIN,1.0,ACT,53.34,6,3,0.0,262.36628896100603,281.0209511048343,63.45512185245566,407.3563633203915,19.51366437847875,11.486472461298009,-6,0.373,0.29775,0.56175,12.91325,97.96
50,Dallas Goedert,TE,4,PHI,1.0,ACT,102.47,11,2,33.0,143.84521319092718,140.20759572923222,23.959600911257454,273.1742721243434,19.194410936947506,15.060335828335964,-1,0.36875,0.286,0.52075,12.787,90.1
51,Brian Thomas Jr.,WR,22,JAX,1.0,ACT,113.74,12,4,44.0,152.27117613730255,143.96331286253823,26.4283135877004,307.94824517001183,16.173185278904924,15.363161224703743,2,0.31475,0.06575,0.53225,13.46525,84.43
52,Lamar Jackson,QB,7,BAL,1.0,ACT,34.02,4,4,-23.0,258.9965920419012,273.2199445968069,76.5538761557741,393.44452085035,16.143967459373897,17.839041172270868,5,0.3225,0.25025,0.5365,13.45575,99.81
53,Tucker Kraft,TE,5,GB,1.0,ACT,91.18,10,1,26.0,140.59297394450826,134.06032331068664,20.7834152461745,280.9772975246838,15.942171690528582,4.588185657464805,-19,0.3515,0.2765,0.48925,11.95425,90.83
54,Travis Etienne Jr.,RB,20,NO,1.0,ACT,39.91,4,10,-19.0,151.3342537088553,145.20185888264564,25.24419229449965,294.56410874551744,15.50028039691196,15.086349354268137,4,0.335,0.064,0.4845,12.991,98.12
55,Brock Bowers,TE,6,LV,1.0,ACT,23.93,3,4,-33.0,139.15658500430064,132.01420698663148,21.006984965504948,288.56818699520056,14.50578275032096,2.6020198972511537,-21,0.33875,0.2645,0.47925,12.0635,99.88
56,Aaron Jones Sr.,RB,21,MIN,1.0,ACT,115.39,12,5,41.0,150.02171782232298,145.09185459639997,19.83494162314523,302.09905586507745,14.187744510379645,11.168012896956796,-2,0.332,0.06925,0.47775,12.46875,81.52
57,Rome Odunze,WR,23,CHI,1.0,ACT,66.13,7,6,0.0,149.3082035297029,139.6532333332027,23.280581024628056,308.0924879800985,13.210212671305271,9.50415647938695,-3,0.309,0.066,0.5065,13.32675,94.78
58,Trevor Lawrence,QB,8,JAX,1.0,ACT,102.53,11,3,26.0,255.6941585770369,269.1385180085041,81.92632765604137,380.9054186956674,12.841533994509604,19.319969248961144,13,0.2895,0.21625,0.51825,13.6745,88.68
59,Ladd McConkey,WR,24,LAC,1.0,ACT,45.91,5,6,-18.0,148.88880297817445,138.3957272371841,25.04444597739648,307.40399089672195,12.790812119776833,11.23123964417448,2,0.3075,0.06775,0.5065,13.5155,97.63
60,Patrick Mahomes,QB,9,KC,1.0,ACT,109.31,11,9,29.0,255.30975046911155,267.5865965320436,81.59732717530147,382.0044951394922,12.457125886584263,14.54076161197571,8,0.30525,0.2325,0.51475,13.60525,86.51
61,Rhamondre Stevenson,RB,22,NE,1.0,ACT,77.76,8,8,4.0,147.96962080193728,142.6645547066603,21.144528304523195,294.05440078032075,12.135647489993945,11.402821530210232,5,0.30975,0.06675,0.47075,12.69025,90.68
62,Tetairoa McMillan,WR,25,CAR,1.0,ACT,42.53,5,3,-25.0,148.0043869617778,138.63594978266525,19.37183683903348,307.99682857193653,11.906396103380189,10.51304779357963,3,0.30125,0.0665,0.503,13.4645,98.68
63,Hunter Henry,TE,7,NE,1.0,ACT,153.05,16,3,61.0,134.01900967760582,128.70959052316994,26.57924672550189,254.6801502277672,9.368207423626146,7.690797858028148,-2,0.3085,0.22425,0.468,13.16975,56.47
64,Kyle Pitts Sr.,TE,8,ATL,1.0,ACT,68.73,7,9,-6.0,132.79467123060243,127.49676797475684,24.48812421897793,260.1883475843827,8.143868976622755,5.937495292169928,-4,0.29825,0.2185,0.459,12.909,96.59
65,Quinshon Judkins,RB,23,CLE,1.0,ACT,48.08,5,8,-22.0,143.76461777067777,132.05323420677243,16.515156459548308,309.65868676698506,7.930644458734434,0.0,-17,0.29475,0.077,0.427,12.88725,96.77
66,Tony Pollard,RB,24,TEN,1.0,ACT,86.84,9,7,7.0,142.58883984219136,137.76829180755965,23.50459574491376,285.9748676440699,6.754866530248023,9.090790126801949,5,0.27875,0.0545,0.44025,13.01475,89.47
67,Jameson Williams,WR,26,DET,2.0,ACT,64.2,7,4,-11.0,142.6532311525104,137.13404769119475,21.842560307623287,281.7744046164012,6.555240294112764,9.032069238841189,5,0.28575,0.0395,0.497,12.73225,95.36
68,Emeka Egbuka,WR,27,TB,1.0,ACT,44.99,5,5,-28.0,141.69034299928416,130.5486381066276,16.853882963419146,297.9782461742394,5.592352140886533,4.846874268948866,-3,0.2755,0.0575,0.4695,13.41925,98.04
69,Marvin Harrison Jr.,WR,28,ARI,1.0,ACT,79.08,8,9,-3.0,141.19385488181632,131.3316525685123,22.493457921568464,291.2294579221741,5.095864023418699,3.8037034871624087,-4,0.2765,0.0465,0.472,13.2395,91.86
70,Brock Purdy,QB,10,SF,1.0,ACT,109.95,11,10,21.0,247.56559980097776,263.15828871751364,55.06950332014616,394.43737732250906,4.712975218450481,-7.729357126872514,-28,0.30725,0.23875,0.49075,12.749,85.03
71,Chris Godwin Jr.,WR,29,TB,2.0,ACT,123.1,13,3,31.0,139.9091090144992,131.61554682556323,15.7147483489108,293.33898459587607,3.8111181561015712,-1.6499076753272277,-16,0.289,0.05175,0.4705,11.55675,76.33
72,Alec Pierce,WR,30,IND,1.0,ACT,107.11,11,7,16.0,139.3826419772173,134.1914023692559,23.929883686822016,274.9556728925909,3.2846511188196814,8.155210510282444,8,0.2565,0.035,0.4835,13.19475,85.97
73,Deebo Samuel,WR,31,SF,1.0,ACT,144.29,15,4,45.0,139.19994132591373,133.528116982308,22.377286484136462,274.0023131142425,3.1019504675161045,7.2960562460571055,7,0.26425,0.03175,0.47725,13.0275,69.14
74,Travis Hunter,WR,32,JAX,1.0,ACT,118.73,12,9,24.0,139.16172914739943,129.20724878260663,13.28286080995057,302.5976956340444,3.063738289001805,-2.488178489486799,-14,0.2695,0.05675,0.46725,12.902,74.15
75,Courtland Sutton,WR,33,DEN,2.0,ACT,81.62,9,2,-8.0,139.0668796077067,134.55815719726496,18.925124025566472,276.8652709859451,2.9688887493090874,6.535391944969689,8,0.265,0.0355,0.486,12.37775,92.22
76,Dalton Kincaid,TE,9,BUF,1.0,ACT,131.27,14,1,32.0,126.926065077366,121.11551617034364,20.62983667487083,252.57235696185657,2.275262823386328,0.0,-6,0.27475,0.2015,0.41775,12.658,75.2
77,Jaylen Waddle,WR,34,DEN,1.0,ACT,52.56,6,3,-30.0,138.07106718274989,132.0414694615573,25.67334185211766,271.1174413809421,1.973076324352263,8.60040430165202,14,0.249,0.0295,0.473,13.31125,96.79
78,Mark Andrews,TE,10,BAL,1.0,ACT,126.56,13,7,27.0,126.02846503456266,122.0473740033126,24.348981735418366,241.2640957038693,1.3776627805829804,5.0853249070276405,9,0.25,0.17175,0.42,13.41775,81.79
79,Quentin Johnston,WR,35,LAC,2.0,ACT,132.52,14,3,31.0,137.3411150558777,130.85209717288146,20.34793918773517,279.67852902267634,1.2431241974800855,3.3392858360818565,5,0.25375,0.0375,0.46675,12.6795,75.28
80,TreVeyon Henderson,RB,25,NE,2.0,ACT,77.34,8,7,-16.0,136.73978695562488,125.9575640847966,8.079342957179948,308.9731867832928,0.9058136436815404,-9.362007625580404,-21,0.27875,0.06925,0.4045,12.4365,92.37
81,Matthew Stafford,QB,11,LA,1.0,ACT,93.2,10,3,-1.0,242.85262458252728,255.14942375963471,80.91294919255763,361.4239548106871,0.0,12.011657313405266,27,0.1985,0.14125,0.43625,13.85925,92.88
82,Jordan Addison,WR,36,MIN,2.0,ACT,122.74,13,3,19.0,136.09799085839762,130.46147983232706,19.96095284317104,270.6078646331887,0.0,2.471637408008064,5,0.25,0.03075,0.462,12.6325,80.82
83,Jake Ferguson,TE,11,DAL,1.0,ACT,112.67,12,3,11.0,124.65080225397968,118.31140886337582,22.134969839204604,248.2699652500599,0.0,0.5703802599058179,3,0.25525,0.186,0.40675,12.91075,86.21
84,Kenneth Walker III,RB,26,KC,1.0,ACT,24.67,3,5,-61.0,135.83397331194334,128.9676546625502,21.874057209205777,271.98601001393104,0.0,4.881683121674911,14,0.25,0.03925,0.40325,13.0795,99.54
85,Wan'Dale Robinson,WR,37,TEN,2.0,ACT,112.35,12,2,8.0,135.5872403611001,130.1971401582913,19.099466735152216,272.03083804394777,-0.5107504972975221,2.904619991238107,10,0.2475,0.0315,0.46275,12.8675,82.23
86,Caleb Williams,QB,12,CHI,1.0,ACT,87.39,9,7,-12.0,240.8763853762635,246.1970293850395,68.39492059681218,394.1729362729045,-1.9762392062637844,-11.864992516706875,-19,0.25,0.19125,0.41875,13.592,91.3
87,Jared Goff,QB,13,DET,1.0,ACT,137.09,14,7,25.0,240.2061667292444,252.64212034755417,71.00444022558784,363.1686369398346,-2.6464578532828966,0.0,5,0.22125,0.15775,0.43325,13.588,69.43
88,RJ Harvey,RB,27,DEN,2.0,ACT,127.02,13,7,18.0,132.56246421111118,119.8115180974934,8.44529260657917,299.6259999301773,-3.271509100832162,-13.13488883528067,-20,0.2625,0.06725,0.38275,12.23225,76.48
89,Bo Nix,QB,14,DEN,1.0,ACT,103.95,11,4,-2.0,239.3888661990456,243.9789708234223,63.72365544450894,395.1233344076508,-3.4637583834816894,-11.602536549682329,-15,0.23275,0.18425,0.408,13.55675,88.95
90,Juwan Johnson,TE,12,NO,1.0,ACT,157.49,16,7,39.0,120.83256595208512,115.95283556386588,22.13439158969813,233.2147376868372,-3.818236301894558,-0.8561473412894287,4,0.2275,0.15625,0.38475,13.11275,43.83
91,Michael Wilson,WR,38,ARI,2.0,ACT,103.81,11,4,-5.0,131.47205822420838,123.40989001543832,21.386692748419872,269.1874430126784,-4.62593263418924,0.0,9,0.22675,0.0315,0.43525,12.7725,86.26
92,Parker Washington,WR,39,JAX,1.0,ACT,89.95,9,10,-16.0,131.15135720868668,126.5051508253326,21.60373283165437,259.3946508618636,-4.946633649710947,2.272512100310749,14,0.2175,0.0255,0.436,13.43,88.8
93,Jayden Reed,WR,40,GB,2.0,ACT,139.73,14,10,23.0,129.3420186439965,122.47404113619947,11.443346276482128,273.40163593383073,-6.755972214401112,-5.638193610782793,-1,0.232,0.031,0.4305,11.831,71.98
94,Justin Herbert,QB,15,LAC,1.0,ACT,85.61,9,6,-24.0,235.7053923887739,247.45888242118207,70.77656089972413,359.206815070936,-7.147232193753382,0.8913777855186424,15,0.18825,0.12925,0.40525,13.5565,91.86
95,Harold Fannin Jr.,TE,13,CLE,1.0,ACT,70.6,8,1,-36.0,117.1375411620617,107.86729169506022,14.609817948253774,253.5787682029597,-7.5132610919179825,-12.079555862880888,-12,0.22825,0.17275,0.35875,12.772,95.25
96,Khalil Shakir,WR,41,BUF,1.0,ACT,139.5,14,10,19.0,127.69565965523262,121.19867884358266,18.383599649552423,256.6132886876264,-8.402331203165005,-0.1716216226773497,11,0.2085,0.023,0.41825,13.1945,70.8
97,Tyler Warren,TE,14,IND,1.0,ACT,51.8,6,2,-53.0,116.23047743961182,107.73530588890468,13.946335871272586,246.31833655657252,-8.42032481436786,-9.690420789076017,-5,0.224,0.16175,0.349,12.796,99.07
98,Daniel Jones,QB,16,IND,1.0,ACT,160.67,17,1,32.0,234.405435801314,248.2237523855663,61.84010077031384,360.02913324743326,-8.44718878121327,-8.812810131867963,-2,0.1975,0.13525,0.413,13.19925,36.58
99,Dalton Schultz,TE,15,HOU,1.0,ACT,168.87,17,9,47.0,115.77254458427588,111.40367846975604,19.234640458045423,226.89815383793808,-8.8782576697038,-4.260384611042127,9,0.2015,0.12675,0.36075,13.12375,18.29
100,Stefon Diggs,WR,42,WAS,2.0,ACT,102.68,11,3,-15.0,127.15347874459144,119.07099039873547,14.872154047416531,267.4767801385059,-8.944512113806184,-6.884177599579857,5,0.2205,0.03125,0.41025,12.22875,82.38
101,Chuba Hubbard,RB,28,CAR,1.0,ACT,109.87,11,10,-11.0,125.33728583462477,119.45556342604344,17.510913508802343,256.09305131880143,-10.496687477318574,-4.973754544491911,10,0.19775,0.0275,0.35025,12.7505,84.62
102,Evan Engram,TE,16,DEN,1.0,ACT,170.01,18,0,263.0,112.74130480318838,109.19581369625593,19.963974664927857,223.6794735868848,-11.909497450791292,-5.1626692679823805,10,0.18025,0.12475,0.32225,13.56625,3.01
103,Josh Jacobs,RB,29,GB,4.0,EXE,90.44,10,0,-25.0,123.087677972838,114.84427851620964,8.660521019377846,266.63771438271624,-12.746295339105345,-15.401060618095784,-10,0.22275,0.03775,0.351,11.494,92.56
104,T.J. Hockenson,TE,17,MIN,1.0,ACT,153.34,16,3,21.0,111.43071336095144,107.03485197130932,22.96148177683283,219.8327097600508,-13.220088893028231,-7.116165468687456,7,0.17075,0.11,0.32625,13.384,62.31
105,Kenny Gainwell,RB,30,TB,1.0,ACT,100.03,11,0,-23.0,122.59139194118396,115.4285507957749,15.4956542660263,256.07972608219944,-13.242581370759382,-7.000393415317063,9,0.19225,0.02525,0.33075,12.98175,85.58
106,Alvin Kamara,RB,31,NO,2.0,ACT,162.59,17,3,27.0,121.70866024848574,112.85082203472015,9.559050072874845,267.3979744756588,-14.125313063457597,-13.39749772240831,-3,0.20525,0.0365,0.3325,11.91,39.34
107,DJ Moore,WR,43,BUF,1.0,ACT,59.31,6,9,-55.0,121.81359526994387,115.14077517784656,19.129101082525427,244.14457928809287,-14.284395588453748,-3.071798776772596,18,0.17175,0.0165,0.3865,13.13525,95.46
108,Jaxson Dart,QB,17,NYG,1.0,ACT,82.89,9,3,-40.0,226.0721159391864,230.1393689884448,28.705917994906013,401.20692051985407,-16.78050864334088,-34.709898245148025,-42,0.23075,0.181,0.3685,12.73975,94.11
109,Baker Mayfield,QB,18,TB,1.0,ACT,147.02,15,7,10.0,225.38789848626783,237.4008376143774,61.28457563927971,347.9528281231756,-17.464726096259454,-15.065690939121936,-2,0.15675,0.10075,0.35675,13.38,57.4
110,Michael Pittman Jr.,WR,44,PIT,2.0,ACT,90.05,10,0,-33.0,117.91800521202362,110.61529774196616,13.57557514294536,245.53089608312672,-18.179985646374007,-11.949435822439597,4,0.1755,0.01775,0.37025,12.48675,90.09
111,Tre Tucker,WR,45,LV,1.0,ACT,169.42,17,9,42.0,116.91750238955672,109.89889577180662,18.12983154217273,239.4550899861832,-19.180488468840903,-8.523679845940933,12,0.1545,0.01525,0.3505,13.3535,26.47
112,Kyler Murray,QB,19,MIN,1.0,ACT,137.28,14,7,2.0,222.7114677038861,235.68472424696475,40.38595620714671,367.2927210326876,-20.1411568786412,-34.30128002763277,-36,0.21,0.146,0.38225,12.1725,66.71
113,Colston Loveland,TE,18,CHI,1.0,ACT,42.25,5,2,-77.0,103.41541106535432,93.78067965127782,11.45420125383514,221.34038517576468,-21.23539118862536,-19.389557322100032,-6,0.1655,0.11025,0.277,13.00825,99.59
114,Brenton Strange,TE,19,JAX,1.0,ACT,168.18,17,8,28.0,103.38564706625188,98.05875602973292,14.46833575084387,212.6656250608088,-21.2651551877278,-16.192496902777116,-1,0.14625,0.09625,0.27725,12.7055,23.67
115,Jacory Croskey-Merritt,RB,32,WAS,1.0,ACT,136.92,14,7,-4.0,113.58555934464664,102.21455093253394,6.164392433271036,262.7950556512914,-22.2484139672967,-25.400450431862865,-13,0.18325,0.037,0.29725,12.8435,71.85
116,Tyrone Tracy Jr.,RB,33,NYG,2.0,ACT,170.34,18,0,278.0,113.48771916874352,100.07166556168583,7.824731009053537,262.80148517027453,-22.34625414319981,-24.57014897606387,-9,0.185,0.03775,0.301,12.27125,8.04
117,Josh Downs,WR,46,IND,2.0,ACT,137.09,14,7,-5.0,112.58578743379393,104.978270684125,12.33612576372229,234.857751137851,-23.512203424603697,-13.653400863862622,7,0.15075,0.01175,0.327,12.57975,71.55
118,Jerry Jeudy,WR,47,CLE,1.0,ACT,168.85,17,9,26.0,111.85066099656244,104.440887112826,15.335977485922124,231.78330846117092,-24.247329861835183,-11.460661078105574,15,0.13475,0.01225,0.31975,13.11325,27.98
119,Pat Freiermuth,TE,20,PIT,1.0,ACT,169.68,17,10,38.0,99.31568309943913,93.42610167495508,16.84008699937838,199.5208728811489,-25.33511915454055,-15.304864048272355,7,0.12525,0.07575,0.239,13.424,14.25
120,Jordan Love,QB,20,GB,1.0,ACT,155.37,16,5,8.0,217.1255598358876,219.5096534528305,51.36190523509229,371.1866716102856,-25.727064746639684,-36.23859410852825,-34,0.1695,0.12875,0.31625,13.215,41.26
121,David Montgomery,RB,34,HOU,1.0,ACT,61.5,7,2,-66.0,109.58399736407186,102.529119309975,13.209373308178394,232.39959878611864,-26.24997594787148,-16.58085104264663,5,0.13525,0.015,0.264,12.8605,94.5
122,Cade Otton,TE,21,TB,1.0,ACT,170.29,18,0,270.0,97.44403675399312,91.2161388886404,15.15697761430777,203.7657479150276,-27.20676549998656,-18.58905871909083,5,0.11825,0.077,0.23325,13.31625,2.5
123,Rashid Shaheed,WR,48,SEA,1.0,ACT,160.72,17,1,8.0,108.58151526183394,101.6752142838722,14.333985123004895,223.63384584115315,-27.51647559656368,-15.496486077073875,9,0.12325,0.01025,0.30225,13.067,44.01
124,Xavier Worthy,WR,49,KC,2.0,ACT,131.68,14,2,-15.0,108.18205275190716,98.32072328779856,7.883098942407192,240.31200399724065,-27.915938106490454,-21.863381293398795,3,0.14125,0.018,0.315,12.73225,76.4
125,AJ Barner,TE,22,SEA,1.0,ACT,169.75,17,10,36.0,96.6730082954614,88.6572655181294,12.302727239094011,210.4414285233195,-27.97779395851828,-24.36790005554276,2,0.13425,0.0885,0.24125,13.31575,6.83
126,Romeo Doubs,WR,50,NE,2.0,ACT,147.99,15,8,-6.0,104.3649124957998,96.57291249139628,11.634685687245849,224.53411167918645,-31.733078362597823,-19.20910500296118,8,0.114,0.00775,0.28125,12.70975,61.79
127,Tyjae Spears,RB,35,TEN,2.0,ACT,148.89,15,9,-6.0,104.05720719705292,96.24601073623222,6.265778581626769,231.2977093427173,-31.77676611489042,-25.536430709433446,-2,0.1265,0.0115,0.23925,12.03575,54.41
128,Greg Dulcich,TE,23,MIA,1.0,ACT,170.46,18,0,273.0,92.62204621556202,85.42364500857659,13.36539951490289,198.75529772506889,-32.028756038417654,-23.65614730791852,6,0.102,0.06775,0.20825,12.914,3.32
129,Jalen Coker,WR,51,CAR,2.0,ACT,154.46,16,4,-3.0,103.93215903353855,92.88935656241286,6.225622359226614,238.88819333382827,-32.16583182485907,-27.04307430679736,-1,0.133,0.01825,0.2845,12.15525,49.7
130,Tua Tagovailoa,QB,21,ATL,1.0,ACT,170.09,18,0,242.0,209.1206578185692,218.76214877937065,55.72535146553585,332.8898964417772,-33.73196676395813,-31.645426081254985,-11,0.097,0.0655,0.259,13.137,1.66
131,Rico Dowdle,RB,36,PIT,2.0,ACT,96.02,10,6,-50.0,102.10103298048703,88.50068955843906,5.55545105404471,245.456315400688,-33.732940331456305,-30.58235343842,-5,0.136,0.027,0.233,12.4435,88.73
132,Aaron Rodgers,QB,22,PIT,1.0,ACT,169.15,17,9,15.0,208.95861767397008,219.30307811575727,55.605472799500056,322.5463912958625,-33.8940069085572,-21.30562562430828,12,0.075,0.0465,0.237,13.535,7.03
133,Kyle Monangai,RB,37,CHI,2.0,ACT,124.52,13,5,-30.0,101.73495879010184,87.98816599152542,2.949465705824588,246.8000724805985,-34.0990145218415,-32.986584619252035,-9,0.147,0.02575,0.2375,12.302,78.78
134,Luther Burden III,WR,52,CHI,2.0,ACT,74.84,8,5,-71.0,101.34298407875218,89.52533149124939,3.637072597702135,234.50027392791583,-34.75500677964544,-28.976890877805808,2,0.125,0.01675,0.271,12.579,92.68
135,Sam Darnold,QB,23,SEA,1.0,ACT,162.56,17,3,-3.0,208.08113279697983,218.90591524595683,54.33473722722049,327.0846873114168,-34.771491785547454,-33.09046266258119,-8,0.09075,0.05775,0.26125,13.235,26.36
136,Jakobi Meyers,WR,53,JAX,3.0,ACT,122.16,13,2,-37.0,101.0100773826537,91.59898022520642,0.0,235.5945911666806,-35.08791347574392,-33.78906567547566,-10,0.14,0.01275,0.287,10.629,80.41
137,Woody Marks,RB,38,HOU,2.0,ACT,152.2,16,2,-15.0,100.57998791814433,86.18648687107029,2.0939248260224583,248.95011176654,-35.25398539379901,-34.152912097785126,-10,0.145,0.02275,0.23675,12.08525,60.05
138,Mason Taylor,TE,24,NYJ,1.0,ACT,170.0,17,10,178.0,89.23683081781344,81.17050176389722,8.162990054810992,199.842650660908,-35.41397143616624,-30.589908415185064,1,0.10875,0.06775,0.20525,13.03375,0.5
139,Theo Johnson,TE,25,NYG,2.0,ACT,170.1,18,0,236.0,89.11573580355595,79.8095485228062,11.25735166806822,198.2347583774335,-35.53506645042373,-29.090095579509864,6,0.1055,0.06325,0.20475,13.235,0.5
140,C.J. Stroud,QB,24,HOU,1.0,ACT,165.45,17,5,-1.0,207.2511394372684,216.42060170978573,50.98422414395964,336.9922117603162,-35.60148514525889,-39.13768689620901,-24,0.10375,0.0745,0.2745,12.865,24.07
141,David Njoku,TE,26,LAC,2.0,ACT,169.73,17,10,17.0,88.63915739338925,83.87942328347283,11.884534762995356,182.38459264096304,-36.01164486059042,-24.54752896248941,17,0.079,0.0465,0.17725,13.1965,5.12
142,Tory Horton,WR,54,SEA,2.0,ACT,170.17,18,0,240.0,99.98643256913316,87.27158614526499,1.9526776227544267,237.3702943515156,-36.11155828926447,-30.9441032770032,3,0.1275,0.01775,0.2685,12.11275,0.76
143,Mike Gesicki,TE,27,CIN,1.0,ACT,170.2,18,0,242.0,88.31885784249778,83.25514981182738,11.03837893610782,185.8033654239593,-36.3319444114819,-25.331119874849847,16,0.08825,0.05125,0.18475,13.3545,1.53
144,Bhayshul Tuten,RB,39,JAX,1.0,ACT,61.36,7,1,-90.0,98.8839747818205,86.7079827744151,3.687894034107048,236.14129479284347,-36.94999853012284,-31.013785708668337,4,0.12375,0.01875,0.21625,12.7585,93.45
145,Chimere Dike,WR,55,TEN,1.0,ACT,169.86,17,10,19.0,98.5492490265508,85.53961883470296,4.2950831281261,233.0043257673055,-37.548741831846826,-29.093948732139424,11,0.11975,0.01625,0.2525,13.212,1.22
146,Chig Okonkwo,TE,28,WAS,1.0,ACT,170.17,18,0,236.0,85.01180221384047,79.07067435703563,13.333482496753112,178.178704721901,-39.63900004013921,-28.082980123964973,15,0.06825,0.04025,0.17125,13.3895,8.62
147,Bryce Young,QB,25,CAR,1.0,ACT,168.85,17,9,-3.0,202.97875741914976,212.0576709854988,47.52190669544565,325.3171938760126,-39.873867163377525,-39.052892446053306,-16,0.088,0.0515,0.23975,13.0305,10.45
148,James Conner,RB,40,ARI,4.0,RES,170.06,18,0,223.0,94.16509290954328,81.78003800319905,0.0006081026998421,232.176291031403,-41.66888040240006,-39.81228995049736,-17,0.12425,0.01425,0.22175,10.00725,2.94
149,Ricky Pearsall,WR,56,SF,3.0,RES,169.93,17,10,24.0,94.3829844082932,79.00384444213671,0.0,242.36340167289896,-41.715006450104426,-41.22058806658927,-20,0.12775,0.017,0.2495,10.47575,4.49
150,Colby Parkinson,TE,29,LA,1.0,ACT,170.2,18,0,235.0,82.83184718935738,74.57079693299653,9.46485381583129,187.26407064303564,-41.8189550646223,-33.40922306874114,6,0.07425,0.04925,0.16625,13.1425,1.2
151,Darren Waller,TE,30,CAR,3.0,ACT,170.38,18,0,247.0,81.96002415302651,73.63411773222252,1.6431358980404898,190.1295273289307,-42.69077810095317,-37.69616298239108,-7,0.09325,0.05175,0.17775,11.19625,3.23
152,Marvin Mims Jr.,WR,57,DEN,1.0,ACT,170.14,18,0,228.0,93.04700326321876,85.81439749087838,9.24821921267792,201.4669599229164,-43.05098759517887,-25.132777761999137,26,0.068,0.00325,0.2105,13.2385,0.88
153,Darius Slayton,WR,58,NYG,2.0,ACT,170.5,18,0,251.0,92.73822630726272,86.229391525376,6.985883528952196,201.9403889547664,-43.3597645511349,-29.589434067573784,18,0.08025,0.0035,0.217,12.06225,1.26
154,Tyler Higbee,TE,31,LA,2.0,ACT,169.87,17,10,12.0,81.17294059913502,75.52648842015917,7.866381725287399,171.75785005598013,-43.47786165484466,-30.88498870087158,16,0.05775,0.03775,0.1415,13.13725,0.39
155,Jalen McMillan,WR,59,TB,3.0,ACT,163.61,17,4,-19.0,92.38654291668252,74.97139233902186,0.0,245.05790929212424,-43.71144794171511,-44.889439798293736,-22,0.1315,0.021,0.2505,9.73075,31.09
156,Samaje Perine,RB,41,CIN,1.0,ACT,170.97,18,1,258.0,91.81404900387584,79.63861860749607,4.108609305862227,225.7242217114626,-44.0199243080675,-37.67877014959124,-1,0.1055,0.01425,0.1865,12.62075,9.06
157,Gunnar Helm,TE,32,TEN,1.0,ACT,170.74,18,1,252.0,79.57795265679418,69.63643362902583,5.5246873639800445,183.13194180499,-45.072849597185495,-35.06783505008351,5,0.07225,0.0485,0.154,13.2845,5.77
158,Kimani Vidal,RB,42,LAC,3.0,ACT,171.0,18,1,258.0,89.98595642876724,74.3048211637348,1.3606759942592634,231.71737176464865,-45.8480168831761,-41.820445250919406,-13,0.114,0.01825,0.194,11.18575,3.26
159,Calvin Ridley,WR,60,TEN,3.0,ACT,169.3,17,9,-10.0,88.47671872643961,75.54507481100396,0.0,225.91287203254697,-47.62127213195801,-45.03554138745781,-21,0.1075,0.011,0.239,9.3245,24.65
160,Tyler Shough,QB,26,NO,1.0,ACT,152.63,16,3,-37.0,194.42658866857604,193.99389134523727,15.382401038800126,372.05062515995166,-48.42603591395124,-70.54831152150405,-96,0.148,0.116,0.25775,11.78875,47.92
161,Zach Charbonnet,RB,43,SEA,4.0,RES,154.78,16,5,-34.0,87.09926003782823,78.26328533319112,2.3435421526958184,202.45640430436265,-48.73471327411511,-38.7199054481386,0,0.076,0.00825,0.1675,11.392,55.54
162,Troy Franklin,WR,61,DEN,3.0,ACT,170.05,18,0,208.0,87.23767422885665,75.30660299264984,0.0,218.96000626320384,-48.860316629540975,-41.00082744730757,-4,0.091,0.012,0.2085,11.33825,1.28
163,Blake Corum,RB,44,LA,2.0,ACT,126.48,13,6,-59.0,86.71620927151469,72.0282586517412,2.4307773449665286,220.43391098848417,-49.11776404042865,-41.04939178914371,-4,0.0905,0.0145,0.1685,12.537,77.44
164,Michael Mayer,TE,33,LV,2.0,ACT,170.21,18,0,223.0,75.18109360316114,68.45522729169252,8.733882306681679,162.66573930470082,-49.46970865081853,-34.85008210955492,13,0.0465,0.02725,0.11175,13.35825,1.04
165,Dawson Knox,TE,34,BUF,2.0,ACT,169.81,17,10,-3.0,74.59402034078134,68.50156233842586,8.207887779461686,159.46654897198977,-50.056781913198336,-33.56612141259132,20,0.03875,0.022,0.1045,13.672,0.87
166,Jordan Mason,RB,45,MIN,2.0,ACT,139.88,14,10,-49.0,85.64714866747616,72.35417021659353,3.0905843296538045,214.00947611255668,-50.18682464446718,-41.69705405322698,-4,0.08825,0.014,0.16525,12.32025,67.97
167,Jauan Jennings,WR,62,MIN,3.0,ACT,171.11,18,1,251.0,85.67301460936162,74.97268428511498,0.0,206.68861180995012,-50.42497624903601,-41.15668466913712,-1,0.08425,0.005,0.2065,10.604,8.66
168,Keon Coleman,WR,63,BUF,3.0,ACT,170.23,18,0,221.0,84.75014593133608,69.50508748935783,0.0,221.77102714925743,-51.34784492706154,-45.15122184378903,-13,0.09525,0.01175,0.20625,10.82825,2.1
169,Malik Washington,WR,64,MIA,1.0,ACT,170.02,18,0,197.0,84.66506149060135,74.03101100211117,5.273710242389705,202.9179203388716,-51.43292936779628,-36.89401432287914,14,0.07025,0.007,0.173,13.19975,8.12
170,Cole Kmet,TE,35,CHI,2.0,ACT,169.74,17,10,-11.0,72.14399767831249,66.58967056156268,9.38205882940333,151.51648812971632,-52.50680457566719,-34.45695190660012,21,0.034,0.02025,0.08275,13.7045,0.86
171,Noah Fant,TE,36,NO,2.0,ACT,169.98,17,10,42.0,71.62947792674774,63.80130775592552,8.854303581210912,160.16866712206053,-53.02132432723194,-36.972872362565305,15,0.04,0.0255,0.096,13.5835,0.12
172,Justice Hill,RB,46,BAL,2.0,ACT,169.44,17,9,-18.0,81.64565686367402,66.49741749694117,1.6765210360427598,214.65012302819096,-54.18831644826932,-46.46243331305223,-11,0.084,0.01175,0.152,11.6015,18.33
173,Chris Rodriguez Jr.,RB,47,JAX,2.0,ACT,164.54,17,5,-36.0,81.45109968561265,67.4440934798996,2.5069464024846595,209.26042585582823,-54.38287362633069,-45.01470099480714,-6,0.0825,0.00925,0.15075,12.106,30.39
174,DeMario Douglas,WR,65,NE,2.0,ACT,170.46,18,0,227.0,81.4414501887509,72.92322712720957,5.060538808319216,185.60622707847392,-54.65654066964672,-35.961174056658415,21,0.04975,0.00225,0.15525,12.62,0.99
175,Rachaad White,RB,48,WAS,2.0,ACT,127.37,13,7,-68.0,80.54732641183075,73.14534167798729,4.897464027555213,181.8884095016925,-55.286646900112586,-38.62199336864673,15,0.046,0.0045,0.123,12.431,74.68
176,Isaiah Likely,TE,37,NYG,1.0,ACT,122.31,13,2,-76.0,69.0846567939974,63.18918045635162,6.598040562635114,153.34835734725883,-55.56614545998228,-38.54505477522105,17,0.03275,0.0175,0.0875,13.377,81.31
177,Bam Knight,RB,49,ARI,3.0,ACT,170.09,18,0,195.0,79.71202403966619,63.90897067110538,0.0,213.6395641412056,-56.12194927227715,-48.75025338490504,-10,0.0845,0.0105,0.15075,11.05475,0.22
178,Oronde Gadsden,TE,38,LAC,3.0,ACT,170.26,18,0,212.0,68.27439185477252,57.239870493562265,0.0,175.571437402195,-56.37641039920716,-49.19315482618463,-11,0.06075,0.0375,0.12075,10.89975,3.23
179,Dylan Sampson,RB,50,CLE,2.0,ACT,169.46,17,9,-24.0,78.92783290076599,65.1630619400954,0.0,207.9268157530912,-56.90614041117735,-48.01052116186256,-6,0.076,0.0105,0.1435,12.169,18.54
180,Jonnu Smith,TE,39,GB,2.0,ACT,169.96,17,10,3.0,67.56792772659765,61.50223940788606,8.092190610181166,145.8816970486894,-57.08287452738203,-38.76481484410738,18,0.0255,0.013,0.07425,13.67975,0.19
181,Devaughn Vele,WR,66,NO,2.0,ACT,171.59,18,2,242.0,78.0954233365338,65.5330069978615,1.7899418913115337,197.827232782812,-58.002567521863824,-45.00118448833018,3,0.0645,0.0045,0.1625,11.87225,10.82
182,Cooper Kupp,WR,67,SEA,3.0,ACT,169.36,17,9,-31.0,77.06069898455364,65.37771917932982,0.0,198.8518156936756,-59.037291873843984,-50.74871558754955,-12,0.0695,0.00375,0.1755,9.814,11.42
183,Tez Johnson,WR,68,TB,2.0,ACT,169.98,17,10,30.0,76.30810287187337,64.81732834618245,0.0,189.52010071606472,-59.78988798652425,-45.92011525828552,1,0.054,0.009,0.14875,12.236,0.17
184,Rashod Bateman,WR,69,BAL,2.0,ACT,171.43,18,1,238.0,74.58829488988329,66.10771160722726,2.303493896467859,178.25587987289168,-61.509695968514336,-42.64647322973852,12,0.03775,0.0015,0.13325,12.04475,9.19
185,Tyler Allgeier,RB,51,ARI,2.0,ACT,163.34,17,3,-50.0,73.52054931192602,65.87691784537284,3.471099675742768,174.24441306752334,-62.31342400001732,-43.41112383742927,11,0.0355,0.00225,0.09525,12.4115,35.52
186,Kirk Cousins,QB,27,LV,1.0,ACT,169.94,17,10,-10.0,179.8600925557493,188.0891264074503,26.85732040687948,314.4512088534753,-62.99253202677798,-69.64011157790988,-65,0.059,0.035,0.17275,12.0305,2.83
187,Braelon Allen,RB,52,NYJ,2.0,ACT,170.96,18,1,225.0,72.26287147259859,55.69961735926345,0.1529326110210513,200.8989134277612,-63.57110183934475,-53.02717036677864,-13,0.06725,0.00925,0.125,11.20275,12.66
188,Tommy Tremble,TE,40,CAR,1.0,ACT,169.96,17,10,-5.0,60.97638180074136,54.36949702360508,5.99310145089404,138.54269428855977,-63.67442045323832,-44.15462065457541,13,0.01825,0.009,0.05475,13.777,0.15
189,Devin Singletary,RB,53,NYG,3.0,ACT,169.97,17,10,7.0,70.15317438054642,61.05540269544224,0.0,175.90787393387768,-65.68079893139692,-49.887727286431776,-3,0.04125,0.00175,0.0935,11.2345,0.38
190,Ty Johnson,RB,54,BUF,2.0,ACT,170.76,18,1,221.0,70.10168050073871,62.505498065786384,1.7521734094432313,165.76697443058276,-65.73229281120463,-44.28892571473736,14,0.0305,0.00125,0.0815,12.41,1.7
191,Jaylin Noel,WR,70,HOU,1.0,ACT,171.69,18,2,233.0,70.07644108121508,58.50402080307242,0.0,178.9258611539646,-66.02154977718254,-49.69149965885579,0,0.042,0.0045,0.12175,12.86275,8.67
192,Brian Robinson Jr.,RB,55,ATL,1.0,ACT,167.95,17,8,-51.0,69.54871418542368,61.01219600743504,4.016658358822197,161.58045334642446,-66.28525912651966,-43.401603175123945,19,0.0225,0.001,0.073,13.0075,26.89
193,Cam Ward,QB,28,TEN,1.0,ACT,169.23,17,9,-45.0,176.04396630114735,179.1425027025536,9.013202514941703,319.47002404071503,-66.80865828137993,-74.31625485531016,-94,0.06425,0.04675,0.15925,12.6575,9.4
194,Geno Smith,QB,29,NYJ,1.0,ACT,170.04,18,0,175.0,175.63709279638314,175.89220747391764,29.29191665837624,318.654005748296,-67.21553178614414,-72.95561141545994,-74,0.0615,0.044,0.15,12.94325,3.81
195,Hollywood Brown,WR,71,PHI,4.0,ACT,169.98,17,10,18.0,68.40941796219673,56.43871064065611,0.0,179.2453578932161,-67.6885728962009,-52.79100637085409,-4,0.04125,0.00175,0.12225,10.355,0.56
196,Keaton Mitchell,RB,56,LAC,2.0,ACT,169.35,17,9,-46.0,67.66113721065551,54.92171488655654,0.429197072771424,183.2105043953701,-68.17283610128783,-53.44444556567207,-6,0.049,0.0055,0.0965,12.109,20.89
197,Brock Wright,TE,41,DET,2.0,ACT,169.91,17,10,-26.0,55.56669888619294,49.31092374148194,3.622998365163532,129.62155144612024,-69.08410336778674,-48.38300336929719,11,0.00975,0.00525,0.039,13.421,0.14
198,KaVontae Turpin,WR,72,DAL,1.0,ACT,169.74,17,10,-39.0,66.5695753238279,54.88861064852439,1.891318357907244,171.44945568410893,-69.52841553456972,-50.06664128763635,5,0.03675,0.004,0.10325,12.63325,1.61
199,Isaiah Bond,WR,73,CLE,1.0,ACT,169.99,17,10,45.0,65.92842763031535,55.0353375927007,0.0,170.85503764116604,-70.16956322808227,-50.87166829774314,4,0.037,0.00225,0.10925,13.0245,0.15
200,Jacoby Brissett,QB,30,ARI,1.0,ACT,169.88,17,10,-32.0,172.5414113430151,180.2302465112149,30.20533155779383,294.6292334171236,-70.31121323951217,-72.09740336100232,-61,0.0305,0.01975,0.1145,12.4625,4.99
201,Elic Ayomanor,WR,74,TEN,5.0,ACT,170.0,17,10,115.0,65.56934559008306,52.42372313105794,0.0,184.08441370117487,-70.52864526831456,-58.19861500982763,-10,0.0475,0.004,0.12775,10.44825,0.16
202,Xavier Legette,WR,75,CAR,3.0,ACT,170.74,18,1,207.0,65.53721921364281,49.89873878522161,0.0,186.70321075427225,-70.56077164475481,-56.9203545239115,-7,0.05075,0.00475,0.12325,10.44,2.0
203,Dontayvion Wicks,WR,76,PHI,2.0,ACT,170.98,18,1,212.0,65.42650298744145,57.68536638313585,1.7557302981108092,160.85766591141723,-70.67148787095617,-47.162338366955,19,0.02425,0.0005,0.08725,12.3415,9.92
204,Darnell Washington,TE,42,PIT,2.0,ACT,169.86,17,10,-40.0,53.89087586686292,46.81573133395935,2.613927562321849,128.97749488683425,-70.75992638711676,-50.95583536831131,8,0.01425,0.00825,0.0425,13.58925,1.52
205,Elijah Higgins,TE,43,ARI,2.0,ACT,169.94,17,10,-29.0,53.43525821075512,46.65804298808898,3.26759572920354,127.09392729783956,-71.21554404322455,-49.65453546278939,15,0.01,0.00625,0.03775,13.70225,0.12
206,Kayshon Boutte,WR,77,HOU,4.0,ACT,170.54,18,1,200.0,62.58910446452841,50.17373268912601,0.0,168.925995404965,-73.5088863938692,-56.40993091152651,-1,0.0335,0.00125,0.10575,10.91425,13.99
207,Calvin Austin III,WR,78,NYG,2.0,RES,169.99,17,10,37.0,62.46158471263627,52.64339247065823,1.616577594516559,154.59975642874102,-73.63640614576136,-48.97438789606797,19,0.022,0.00075,0.078,12.2245,0.08
208,Jayden Higgins,WR,79,HOU,7.0,RES,169.97,17,10,-12.0,62.35968652329087,48.16675834466744,0.0,179.0269043584579,-73.73830433510676,-60.93977485965898,-9,0.0425,0.00225,0.1135,10.298,5.74
209,Adonai Mitchell,WR,80,NYJ,2.0,ACT,171.29,18,1,212.0,61.31013273346367,50.24225307670065,0.9564100534410748,161.4227822253916,-74.78785812493396,-52.64732978043014,12,0.02375,0.00175,0.0865,12.6075,15.67
210,Josh Oliver,TE,44,MIN,2.0,ACT,169.96,17,10,-27.0,49.77643925675157,41.1062227530254,1.6443884080028792,130.6517200430791,-74.8743629972281,-54.10161729675009,6,0.01275,0.008,0.04325,13.62575,0.1
211,Ray Davis,RB,57,BUF,1.0,ACT,170.96,18,1,201.0,59.52585983215348,47.388584005842205,0.2665377595994822,162.67374061277613,-76.30811347978985,-56.1007076210564,5,0.027,0.00125,0.067,13.2125,10.06
212,Noah Gray,TE,45,KC,2.0,ACT,169.92,17,10,-40.0,47.85226352558671,41.70133690199248,2.552041490580597,114.24034364503672,-76.79853872839297,-53.144173125931175,11,0.005,0.0025,0.021,13.7855,0.3
213,Brashard Smith,RB,58,KC,2.0,ACT,170.4,18,0,187.0,57.85307500781013,44.92953242694708,0.0,163.7497796917561,-77.9808983041332,-61.12718791577829,-6,0.0305,0.0045,0.0715,12.15875,0.73
214,Tyquan Thornton,WR,81,KC,3.0,ACT,170.29,18,0,178.0,58.03687578896535,43.71840689887013,0.0,169.0650438228026,-78.06111506943228,-60.27882126685411,-2,0.0325,0.00275,0.09025,10.36775,0.91
215,Xavier Hutchinson,WR,82,HOU,2.0,ACT,170.39,18,0,184.0,57.67226695622061,46.14949302154292,0.4411459979581391,154.02597875951494,-78.42572390217701,-55.4226077392224,10,0.02475,0.002,0.07375,12.3945,0.7
216,Adam Trautman,TE,46,DEN,2.0,ACT,169.97,17,10,-20.0,46.19679778943321,40.26009517118463,2.3674175229218903,111.27533304277463,-78.45400446454647,-53.607379666546535,13,0.00475,0.00275,0.01925,13.86875,0.08
217,Sean Tucker,RB,59,TB,3.0,ACT,170.34,18,0,177.0,57.031157176565,43.72442368223403,0.0,164.7727906783432,-78.80281613537834,-61.18912774710115,-3,0.03175,0.003,0.069,11.51325,0.86
218,Olamide Zaccheaus,WR,83,ATL,2.0,ACT,169.99,17,10,26.0,57.03528041423391,48.05305614108158,0.6416861344409023,143.79085196525102,-79.06271044416371,-52.76041640357848,20,0.0155,0.0,0.05825,12.016,0.09
219,Matthew Golden,WR,84,GB,3.0,ACT,114.06,12,4,-123.0,55.86840104342584,40.917457623667545,0.0,169.5734817659173,-80.22958981497177,-65.59052319242488,-21,0.0335,0.002,0.09625,9.771,85.13
220,Joshua Palmer,WR,85,BUF,4.0,ACT,169.96,17,10,-37.0,55.8429170481,43.88788128863583,0.0,151.9436834801514,-80.25507381029763,-59.780442307075965,6,0.02,0.00075,0.07275,10.07475,0.2
221,Ryan Flournoy,WR,86,DAL,3.0,ACT,171.03,18,1,196.0,55.66318047009034,40.54771992345276,0.0,160.8278102094321,-80.43481038830728,-61.25309746962313,0,0.028,0.00225,0.0815,10.428,4.18
222,Daniel Bellinger,TE,47,TEN,2.0,ACT,169.99,17,10,22.0,43.766540088487616,37.27195966046855,1.8564954507786504,109.04844405190346,-80.88426216549206,-56.56363242288133,14,0.00675,0.00175,0.022,13.609,0.04
223,Jake Tonges,TE,48,SF,2.0,ACT,170.09,18,0,149.0,42.227696442212,34.01824492670526,0.6792871713291703,114.3032733336468,-82.42310581176767,-59.70267941912043,10,0.008,0.00475,0.02775,13.78025,1.77
224,Austin Hooper,TE,49,ATL,3.0,ACT,169.98,17,10,-11.0,42.17554501062684,35.08094933195844,0.0,106.7935815778078,-82.47525724335284,-59.32328431167237,12,0.006,0.00225,0.0185,12.30225,0.1
225,Jalen Nailor,WR,87,LV,2.0,ACT,171.2,18,1,195.0,53.55268181480512,42.99303293609975,0.5612206333881151,143.04079040356157,-82.54530904359251,-57.62128781038731,15,0.01625,0.0015,0.06075,12.32475,13.09
226,Treylon Burks,WR,88,WAS,3.0,ACT,169.99,17,10,18.0,52.78605905599248,39.0015142219583,0.0,152.38943895361234,-83.31193180240514,-63.27489692243562,-7,0.024,0.00125,0.074,9.56625,0.09
227,Emanuel Wilson,RB,60,SEA,3.0,ACT,170.19,18,0,157.0,52.07338284921083,37.02697818060388,0.0,159.66791706220377,-83.76059046273251,-63.95683677720349,-8,0.028,0.0025,0.0615,11.35825,0.52
228,Ja'Tavion Sanders,TE,50,CAR,4.0,ACT,169.94,17,10,-52.0,40.40577062222008,30.13733253030754,0.0,116.5103511841794,-84.24503163175959,-63.04951466230016,-3,0.012,0.006,0.02725,11.75175,0.22
229,Darnell Mooney,WR,89,NYG,3.0,ACT,170.35,18,0,167.0,51.615594302164425,39.995455150771264,0.0,147.3973522952563,-84.4823965562332,-62.17038508467364,6,0.01675,0.00075,0.06425,10.1315,1.98
230,Terrance Ferguson,TE,51,LA,3.0,ACT,168.34,17,8,-87.0,39.7954867883876,29.406203754457824,0.0,119.12058693222464,-84.85531546559207,-64.96329302909076,-7,0.0105,0.0045,0.03075,11.2295,25.47
231,Tank Bigsby,RB,61,PHI,2.0,ACT,169.66,17,10,-75.0,50.9571040611518,37.64235347681968,0.0,148.97118403111315,-84.87686925079154,-62.94630577124081,2,0.01525,0.002,0.0515,12.47625,19.21
232,John Metchie III,WR,90,CAR,2.0,ACT,169.99,17,10,12.0,51.10554814958081,38.383701562367335,0.0084027059094238,140.29098198466033,-84.99244270881681,-60.04462965256256,17,0.01475,0.00125,0.05175,12.2855,0.06
233,Najee Harris,RB,62,NYG,3.0,ACT,170.11,18,0,145.0,49.98305096398445,37.35041457497155,0.0,144.55862803361302,-85.85092234795889,-63.01229445911008,3,0.0175,0.00225,0.04575,9.64825,11.13
234,Mack Hollins,WR,91,NE,4.0,ACT,170.1,18,0,141.0,49.43991622790984,35.42407397577689,0.0,152.0791906964383,-86.65807463048779,-65.8900246599692,-8,0.019,0.00125,0.07025,9.70175,0.32
235,Christian Kirk,WR,92,SF,7.0,RES,169.94,17,10,-59.0,49.26227438105636,38.05575842750429,0.0,139.60377014065068,-86.83571647734126,-62.44572224043976,10,0.013,0.0005,0.0555,9.717,0.73
236,Isiah Pacheco,RB,63,DET,4.0,RES,163.21,17,3,-102.0,48.96009914882267,37.6306466464781,0.0,132.97808794904105,-86.87387416312066,-61.063113353756414,18,0.01075,0.0,0.03425,11.08375,38.43
237,Andrei Iosivas,WR,93,CIN,3.0,ACT,170.14,18,0,143.0,49.21030751782676,37.58302435693544,0.0,140.99488554311077,-86.88768334057086,-62.791634652104776,10,0.01325,0.0005,0.0525,10.31925,0.55
238,Emari Demercado,RB,64,DAL,3.0,ACT,170.21,18,0,149.0,48.80736792433193,33.98966016563962,0.0,151.8148578235675,-87.02660538761141,-65.81219243879329,-3,0.022,0.002,0.0505,10.9495,0.73
239,Kendrick Bourne,WR,94,ARI,3.0,ACT,170.0,17,10,77.0,48.12592806931181,36.33366818195096,0.0,138.7371192070627,-87.97206278908581,-62.85797316881205,11,0.011,0.0005,0.05125,10.0235,0.13
240,Pat Bryant,WR,95,DEN,5.0,ACT,170.36,18,0,157.0,48.11539001595938,34.13295589383193,0.0,148.9341709709025,-87.98260084243825,-68.55525259896314,-8,0.0195,0.0015,0.06725,9.76725,1.98
241,Jalen Tolbert,WR,96,MIA,2.0,ACT,170.53,18,1,164.0,47.51348301180444,35.53684984148265,0.0027386256415128,135.3658524272781,-88.58450784659318,-62.18862029198629,17,0.0145,0.0015,0.049,12.0395,0.95
242,Isaiah Davis,RB,65,NYJ,3.0,ACT,170.47,18,0,161.0,47.10752643528691,34.38954176323956,0.0,142.34259630777555,-88.72644687665644,-65.0259386411759,4,0.01725,0.00025,0.044,11.494,0.78
243,Jackson Hawes,TE,52,BUF,3.0,ACT,169.97,17,10,-47.0,35.87813681590081,26.52572604324167,0.0,106.34482676803827,-88.77266543807886,-66.61209404300989,-1,0.00675,0.004,0.01925,11.57175,0.08
244,Mo Alie-Cox,TE,53,IND,2.0,ACT,169.97,17,10,-48.0,35.14511400976878,28.88601168414504,0.6910866985503725,90.5928588990583,-89.50568824421089,-61.73121959245634,22,0.001,0.00025,0.00775,13.9895,0.07
245,Luke Musgrave,TE,54,GB,5.0,RES,169.99,17,10,-1.0,34.78451844557326,27.52375285662167,0.0,94.18708274640925,-89.86628380840642,-63.358466738245895,11,0.00175,0.00175,0.0115,12.242,0.1
246,Foster Moreau,TE,55,HOU,2.0,ACT,169.99,17,10,-2.0,34.15335866806015,26.93423601856052,0.2907423439188893,93.2061999283404,-90.49744358591953,-62.64904473042851,20,0.002,0.00075,0.00975,13.5185,0.03
247,Isaac TeSlaa,WR,97,DET,3.0,ACT,170.28,18,0,144.0,44.65013578537442,30.166450815020305,0.0,141.9172235527669,-91.4478550730232,-71.02686953401813,-11,0.0165,0.0015,0.0555,9.74725,3.14
248,Drew Sample,TE,56,CIN,2.0,ACT,169.98,17,10,-35.0,32.6581150199479,26.78240309674824,0.3477728243323505,86.9516883918122,-91.99268723403178,-63.11041128025236,16,0.001,0.0005,0.005,13.89725,0.08
249,Josh Whyle,TE,57,GB,3.0,ACT,169.98,17,10,-36.0,31.78939103255349,23.68211586532789,0.0,93.25137845812462,-92.86141122142618,-66.14524378924287,6,0.00125,0.0005,0.011,11.14,0.04
250,Kalif Raymond,WR,98,CHI,1.0,ACT,169.97,17,10,-54.0,43.13290452371224,32.48001977766904,0.0076061241588937,123.55461973416745,-92.96508633468538,-64.17123173175361,14,0.0045,0.0,0.03275,12.377,0.17
251,Davis Allen,TE,58,LA,5.0,ACT,169.99,17,10,-7.0,31.00318882893444,22.52380374491845,0.0,90.8252385561785,-93.64761342504524,-67.07907073343976,6,0.0025,0.0005,0.00775,12.18875,0.03
252,Tutu Atwell,WR,99,LA,5.0,ACT,170.0,17,10,64.0,41.41340608002133,29.972363953179308,0.0,124.56631596865768,-94.68458477837628,-67.17117896539294,6,0.006,0.0,0.0355,9.7135,0.36
253,Tre' Harris,WR,100,LAC,3.0,ACT,171.11,18,1,165.0,40.6991421270369,25.331444775801792,0.0,136.40544044737757,-95.39884873136072,-72.85947925126892,-14,0.01425,0.001,0.05,9.359,4.34
254,Elijah Moore,WR,101,PHI,5.0,ACT,169.98,17,10,-41.0,40.48300452689579,29.30922309156282,0.0,120.92541632686532,-95.61498633150184,-67.2649124683457,7,0.00725,0.0,0.03,9.72325,0.05
255,Lil'Jordan Humphrey,WR,102,DEN,6.0,ACT,169.94,17,10,-79.0,40.393776306586894,26.429716528452765,0.0,130.2595429892502,-95.70421455181074,-68.77147429166592,6,0.0115,0.001,0.04375,9.59225,0.16
256,Ollie Gordon II,RB,66,MIA,3.0,ACT,170.7,18,1,152.0,37.65465610433449,24.222502081373605,0.0,121.1670341805146,-98.17931720760885,-71.05254660644154,-3,0.011,0.00075,0.02625,11.053,1.55
257,Luke Schoonmaker,TE,59,DAL,3.0,ACT,169.93,17,10,-84.0,25.83579081423237,16.976853162158598,0.0,83.04365164425795,-98.81501143974732,-69.89471913717962,4,0.001,0.00075,0.00525,12.12825,0.15
258,Jeremy McNichols,RB,67,WAS,4.0,RES,170.0,17,10,58.0,36.084349014698056,22.89628760709953,0.0,118.94927683663624,-99.74962429724528,-70.86342217672453,1,0.00775,0.001,0.024,11.10975,0.03
259,Jahan Dotson,WR,103,ATL,2.0,ACT,170.64,18,1,148.0,35.28352994943513,27.19668019027189,0.0,100.17768845075196,-100.8144609089625,-65.17925743879181,20,0.0025,0.0,0.01325,12.00925,1.13
260,Brandon Aiyuk,WR,104,,,,169.96,17,10,-77.0,34.898093041444774,11.774004502511843,0.0,145.34057207792023,-101.19989781695284,-74.39314195170232,-58,0.023,0.00225,0.05875,4.55225,1.03
261,Tyler Conklin,TE,60,DET,3.0,ACT,169.98,17,10,-48.0,23.362881381282875,16.25416685802652,0.0,72.9142002261882,-101.2879208726968,-69.86412546581235,9,0.0005,0.0005,0.00375,11.9195,0.05
262,Ian Thomas,TE,61,LV,3.0,ACT,169.99,17,10,-18.0,23.033948075802456,16.29161877007283,0.0,70.73624987083252,-101.61685417817722,-69.26428631755087,12,0.00125,0.001,0.002,12.1175,0.02
263,Michael Carter,RB,68,TEN,,DEV,170.0,17,10,53.0,34.15748574828705,15.964928631550537,0.0,128.36981447138956,-101.67648756365628,-74.97958612441558,-85,0.0115,0.0015,0.03175,5.7475,0.04
264,Albert Okwuegbunam Jr.,TE,62,LV,,DEV,169.99,17,10,-20.0,22.95338591790928,5.871785807667141,0.0,99.87728703912886,-101.6974163360704,-73.7971879445726,-14,0.00875,0.004,0.019,5.071,0.02
265,Demarcus Robinson,WR,105,SF,4.0,ACT,169.97,17,10,-69.0,34.119493357185874,22.55805763292157,0.0,108.8411537805183,-101.97849750121176,-70.07582191610297,11,0.00375,0.0,0.01975,9.15175,0.08
266,Tanner Hudson,TE,63,CIN,,DEV,169.99,17,10,-22.0,22.340951330014143,7.952392231828975,0.0,88.10695061889344,-102.30985092396554,-73.7971879445726,-12,0.002,0.0,0.009,6.65275,0.02
267,Joe Mixon,RB,69,,,,169.95,17,10,-86.0,33.31326730425317,9.66244931801435,0.0,143.21318042920382,-102.52070600769017,-74.99852785498918,-99,0.02575,0.00375,0.0475,4.203,0.14
268,Dyami Brown,WR,106,WAS,3.0,ACT,169.99,17,10,-24.0,33.23882574067794,20.746145835310703,0.0,111.85687267059384,-102.85916511771968,-71.09981699506491,8,0.005,0.0,0.02275,10.13675,0.11
269,Devin Neal,RB,70,NO,,RES,170.0,17,10,47.0,32.578622694600966,8.445954594867864,0.0,143.30143727029366,-103.25535061734236,-74.99852785498918,-97,0.02325,0.00275,0.0435,5.0765,0.07
270,Tank Dell,WR,107,,,,165.08,17,5,-132.0,32.531243806494544,10.996671726981267,0.0,133.96407351037337,-103.56674705190308,-74.39314195170232,-48,0.01625,0.00175,0.04525,4.84575,34.43
271,AJ Dillon,RB,71,CAR,3.0,ACT,169.98,17,10,-58.0,31.23575776600753,19.98269485092281,0.0,99.88359151223143,-104.5982155459358,-70.5185745877199,16,0.002,0.0,0.00975,9.90725,0.09
272,Jonathan Mingo,WR,108,DAL,3.0,ACT,169.97,17,10,-76.0,30.743797316640126,17.286640465878115,0.0,106.28722829898317,-105.3541935417575,-72.38310106061247,7,0.00475,0.0,0.0205,9.4595,0.08
273,Zack Moss,RB,72,,,,169.99,17,10,-29.0,29.331539359121187,8.084120819855283,0.0,130.56419778906312,-106.50243395282214,-74.99852785498918,-93,0.017,0.0025,0.03525,4.2155,0.01
274,Durham Smythe,TE,64,BAL,2.0,ACT,169.98,17,10,-61.0,18.00783766266322,10.41347604504979,0.0,61.63192614552461,-106.64296459131646,-72.12902160517845,12,0.0005,0.00025,0.001,13.61425,0.05
275,Jelani Woods,TE,65,NYJ,4.0,ACT,169.99,17,10,-31.0,16.958404166330816,9.53117076018581,0.0,60.424023862716496,-107.69239808764884,-72.36275832091368,11,0.0,0.0,0.00025,10.79225,0.02
276,Grant Calcaterra,TE,66,PHI,5.0,RES,169.99,17,10,-32.0,16.047821345585895,8.068616284718328,0.0,57.84227754024256,-108.6029809083938,-72.8444649907929,10,0.0,0.0,0.0015,12.10025,0.03
277,Brevin Jordan,TE,67,,,,170.0,17,10,39.0,15.296209773999456,1.552306072785576,0.0,72.34382909277093,-109.35459247998024,-73.7971879445726,-1,0.004,0.00175,0.00875,4.80425,0.01
278,Hayden Hurst,TE,68,,,,170.0,17,10,38.0,14.9614295233516,0.8264529212817358,0.0,69.56091769881452,-109.68937273062808,-73.7971879445726,0,0.00225,0.00075,0.0065,4.7415,0.01
279,Jordan Akins,TE,69,,,,170.0,17,10,37.0,14.337947903061297,0.7148070605548568,0.0,68.11133794318022,-110.3128543509184,-73.7971879445726,1,0.00125,0.00075,0.00525,4.65875,0.01
280,Tim Patrick,WR,109,NYJ,5.0,ACT,169.99,17,10,-36.0,24.59344362195178,13.714166766513165,0.0,86.3317793794965,-111.50454723644584,-73.18265256099383,11,0.00075,0.0,0.005,9.13375,0.03
281,Cedric Tillman,WR,110,NO,,DEV,169.99,17,10,-37.0,24.36057366457585,7.570554222074797,0.0,101.14833828431844,-111.73741719382176,-74.39314195170232,-37,0.00375,0.00025,0.01625,5.82225,0.06
282,Skyy Moore,WR,111,GB,1.0,ACT,169.98,17,10,-69.0,23.945447728919703,13.74368779126976,0.0,81.09235463998263,-112.15254312947792,-72.23994390246065,19,0.00075,0.0,0.005,12.6615,0.07
283,Diontae Johnson,WR,112,,,,169.99,17,10,-39.0,23.504397826050223,4.729646079505171,0.0,106.96022480814511,-112.5935930323474,-74.39314195170232,-35,0.00625,0.00075,0.02275,4.2905,0.01
284,Greg Dortch,WR,113,BUF,,DEV,169.99,17,10,-40.0,23.150002379823363,6.787771010707606,0.0,98.17321539021546,-112.94798847857426,-74.39314195170232,-34,0.003,0.0005,0.017,5.6755,0.06
285,Gerald Everett,TE,70,,,,170.0,17,10,31.0,10.452120847265537,0.1793720919684177,0.0,51.65513407518554,-114.19868140671414,-73.7971879445726,7,0.001,0.0005,0.0025,4.6265,0.01
286,Gus Edwards,RB,73,,,,169.99,17,10,-42.0,21.36397726545156,4.123986215384054,0.0,103.74122629400112,-114.4699960464918,-74.99852785498918,-80,0.00525,0.0,0.0155,3.90375,0.01
287,Ameer Abdullah,RB,74,JAX,4.0,ACT,170.03,18,0,81.0,21.24250802159098,11.838125402140903,0.0,74.18949241074063,-114.59146529035236,-73.48063157277265,17,0.001,0.0,0.0035,10.49025,0.07
288,Jaleel McLaughlin,RB,75,CLE,,DEV,169.98,17,10,-75.0,21.045688758153084,6.409833376362192,0.0,88.81398214444827,-114.78828455379023,-74.99852785498918,-78,0.00275,0.0,0.00975,5.14225,0.05
289,Roschon Johnson,RB,76,CHI,3.0,ACT,169.97,17,10,-93.0,20.748859498751667,10.933649026053468,0.0,73.18542611895079,-115.08511381319168,-73.88993564958959,3,0.0,0.0,0.00225,10.25675,1.35
290,Jordan Matthews,TE,71,,,,170.0,17,10,26.0,9.16253217758078,0.0,0.0,50.99500519284554,-115.48827007639888,-73.7971879445726,12,0.0005,0.0,0.002,4.36875,0.01
291,Dalvin Cook,RB,77,,,,169.96,17,10,-108.0,19.949196739305748,2.6840260557896656,0.0,99.16938477525336,-115.8847765726376,-74.99852785498918,-75,0.008,0.0015,0.0155,3.68875,0.04
292,Tyreek Hill,WR,114,,,NONE,169.84,17,10,-129.0,20.16296668864365,0.0,0.0,141.80238764949047,-115.93502416975396,-74.39314195170232,-26,0.0285,0.004,0.0515,1.61025,3.0
293,Kylen Granson,TE,72,TEN,3.0,ACT,170.0,17,10,23.0,7.937383879052127,2.488923606867888,0.0,33.44599658643219,-116.71341837492756,-73.7971879445726,15,0.0,0.0,0.0,11.98275,0.01
294,Robert Tonyan,TE,73,PIT,3.0,ACT,169.99,17,10,-50.0,7.552332372852136,1.979791998844906,0.0,34.07371860050324,-117.09846988112754,-73.7971879445726,16,0.0,0.0,0.0,11.69475,0.03
295,Geoff Swaim,TE,74,,,,170.0,17,10,21.0,6.754451478567139,0.0,0.0,37.782302054150136,-117.89635077541254,-73.7971879445726,17,0.00025,0.0,0.00075,4.33375,0.0
296,Ezekiel Elliott,RB,78,,,,169.96,17,10,-113.0,17.889313967857998,2.4629373010292688,0.0,86.06837989929335,-117.94465934408534,-74.99852785498918,-70,0.003,0.00025,0.011,3.697,0.08
297,D'Onta Foreman,RB,79,,,,170.0,17,10,19.0,17.64859419015393,2.5213157947318274,0.0,87.2669157443049,-118.1853791217894,-74.99852785498918,-69,0.00625,0.00075,0.01375,3.65025,0.01
298,Jamison Crowder,WR,115,,,,170.0,17,10,18.0,17.800047685037825,1.4207577687656112,0.0,90.81279446897824,-118.2979431733598,-74.39314195170232,-20,0.0055,0.00025,0.014,3.647,0.01
299,Alexander Mattison,RB,80,,,,169.99,17,10,-55.0,17.263670537030084,2.55461906932298,0.0,82.59374424092378,-118.57030277491326,-74.99852785498918,-67,0.0045,0.00025,0.01075,3.966,0.01
300,Kareem Hunt,RB,81,,,NONE,169.96,17,10,-117.0,16.93040572474901,0.0,0.0,112.1304969983646,-118.90356758719432,-74.99852785498918,-66,0.012,0.00125,0.026,2.08025,0.37
301,Ben Skowronek,WR,116,PIT,5.0,ACT,169.98,17,10,-88.0,16.56541866496124,4.921631127699979,0.0,70.91897507983228,-119.53257219343638,-74.39314195170232,-17,0.0005,0.0,0.00275,8.76275,0.06
302,Ty Chandler,RB,82,NO,4.0,RES,169.99,17,10,-58.0,16.287984075644378,4.213790102844245,0.0,72.00306085247816,-119.54598923629896,-74.99852785498918,-64,0.00175,0.00025,0.00425,9.326,0.02
303,Will Dissly,TE,75,,,NONE,170.0,17,10,13.0,4.88587262576876,0.0,0.0,36.88169489006094,-119.76492962821092,-73.7971879445726,25,0.00025,0.00025,0.0015,1.29025,0.01
304,Marcedes Lewis,TE,76,,,,169.99,17,10,-60.0,4.715065506086741,0.0,0.0,30.527131828316723,-119.93573674789292,-73.7971879445726,26,0.00025,0.0,0.00075,3.77475,0.01
305,Jake Bobo,WR,117,SEA,7.0,RES,169.98,17,10,-92.0,16.02133504615943,4.631266482053942,0.0,68.82162104494886,-120.0766558122382,-74.39314195170232,-13,0.00075,0.0,0.00375,9.0505,0.08
306,Anthony Firkser,TE,77,,,NONE,170.0,17,10,10.0,4.131531258673257,0.0,0.0,30.05858087359565,-120.5192709953064,-73.7971879445726,28,0.00025,0.0,0.00075,1.36125,0.01
307,Tyler Boyd,WR,118,,,,170.0,17,10,9.0,15.024152671489803,0.7313405110818899,0.0,79.90626577423606,-121.07383818690782,-74.39314195170232,-11,0.00225,0.0,0.01075,3.90725,0.01
308,Jeff Wilson Jr.,RB,83,,,,170.0,17,10,8.0,14.337185466797614,0.9339716367407418,0.0,75.57972216443457,-121.49678784514572,-74.99852785498918,-58,0.00225,0.00025,0.00725,3.68225,0.01
309,Nick Vannett,TE,78,BAL,,DEV,170.0,17,10,7.0,3.02852235611926,0.0,0.0,18.582072964619048,-121.62227989786042,-73.7971879445726,31,0.0,0.0,0.0,4.72175,0.01
310,Odell Beckham Jr.,WR,119,,,,169.36,17,9,-159.0,14.079885774451762,0.2468039688101442,0.0,72.66415571395903,-122.01810508394584,-74.39314195170232,-8,0.0025,0.00025,0.0105,3.474,4.22
311,DJ Chark,WR,120,,,,170.0,17,10,5.0,14.026721812248514,0.9400451773862982,0.0,69.87462623747417,-122.07126904614913,-74.39314195170232,-7,0.001,0.0,0.00675,4.12175,0.01
312,Jalin Hyatt,WR,121,NYG,,DEV,170.0,17,10,4.0,13.993664188627417,0.5654574207403442,0.0,72.10168655740553,-122.1043266697702,-74.39314195170232,-6,0.001,0.0,0.0085,4.8445,0.02
313,K.J. Osborn,WR,122,,,,170.0,17,10,3.0,13.778482869911974,0.934467507965664,0.0,67.8172517035412,-122.31950798848564,-74.39314195170232,-5,0.00025,0.0,0.007,4.08,0.01
314,Terrace Marshall Jr.,WR,123,,,,169.99,17,10,-70.0,13.628546896760836,0.4906935505589387,0.0,70.04641057007878,-122.46944396163678,-74.39314195170232,-4,0.00225,0.00025,0.00925,4.4045,0.01
315,Jalen Reagor,WR,124,,,,170.0,17,10,1.0,13.494176010338451,0.8125492170345239,0.0,68.39210467167571,-122.60381484805916,-74.39314195170232,-3,0.001,0.0,0.00825,4.273,0.01
316,Ray-Ray McCloud III,WR,125,CHI,,RES,169.98,17,10,-103.0,13.318862974498408,0.6306233240473751,0.0,67.44590456292026,-122.7791278838992,-74.39314195170232,-2,0.00125,0.0,0.00525,4.5495,0.05
317,Brandon Johnson,WR,126,,,,170.0,17,10,-1.0,13.309974107022304,0.4537673835144221,0.0,65.56841311136692,-122.78801675137532,-74.39314195170232,-1,0.00225,0.0,0.00775,4.099,0.0
318,Anthony Miller,WR,127,,,,170.0,17,10,-2.0,13.15424952174888,0.3491769840494784,0.0,66.65231851043806,-122.94374133664874,-74.39314195170232,0,0.00275,0.00025,0.00625,3.778,0.01
319,Harrison Bryant,TE,79,,,NONE,170.0,17,10,-3.0,1.4959413132079311,0.0,0.0,8.840752149957028,-123.15486094077174,-73.7971879445726,41,0.0,0.0,0.0,1.1465,0.01
320,Trey Palmer,WR,128,,,,170.0,17,10,-4.0,12.541497944312871,0.3144168776614782,0.0,65.5507669933174,-123.55649291408476,-74.39314195170232,2,0.0015,0.0,0.00575,4.60825,0.01
321,Austin Ekeler,RB,84,,,NONE,169.98,17,10,-108.0,12.18796637439968,0.0,0.0,86.31507744006409,-123.64600693754366,-74.99852785498918,-45,0.01325,0.00175,0.02425,1.228,0.06
322,John Ross,WR,129,,,,169.99,17,10,-78.0,12.391641834360112,0.2603645101258415,0.0,65.46394377279489,-123.70634902403752,-74.39314195170232,4,0.001,0.0,0.00675,3.988,0.02
323,Zamir White,RB,85,NO,,DEV,169.98,17,10,-110.0,11.438705933852184,0.3631940623600062,0.0,61.33022593101106,-124.39526737809116,-74.99852785498918,-43,0.002,0.0,0.00475,4.3805,0.04
324,Cordarrelle Patterson,RB,86,,,,169.99,17,10,-80.0,11.390583460761407,0.0,0.0,60.71043540502011,-124.44338985118192,-74.99852785498918,-42,0.00125,0.00025,0.00375,3.2385,0.02
325,Trey Sermon,RB,87,,,,169.99,17,10,-81.0,11.303744131752865,0.2223135341889214,0.0,61.73693360208343,-124.53022918019047,-74.99852785498918,-41,0.00175,0.0,0.0055,3.729,0.02
326,Devin Duvernay,WR,130,ARI,1.0,ACT,169.99,17,10,-82.0,11.470956899547286,4.179339512506164,0.0,46.36440320120975,-124.62703395885032,-74.31993811990901,38,0.0,0.0,0.00025,12.10625,0.04
327,Joshua Kelley,RB,88,,,,169.99,17,10,-83.0,10.988909223876473,0.0284292835496494,0.0,61.72773258162995,-124.84506408806686,-74.99852785498918,-39,0.0015,0.00025,0.00525,3.73425,0.01
328,Dameon Pierce,RB,89,PHI,,DEV,169.99,17,10,-84.0,10.919142370491189,0.6589812057646276,0.0,56.36408530847806,-124.91483094145217,-74.99852785498918,-38,0.0,0.0,0.00175,4.21775,0.03
329,David Moore,WR,131,CAR,,DEV,169.99,17,10,-85.0,11.11605800572305,0.1314333622088605,0.0,57.533541231990505,-124.98193285267456,-74.39314195170232,11,0.0005,0.0,0.00225,3.93,0.03
330,Isaac Guerendo,RB,90,SF,3.0,RES,170.02,18,0,36.0,10.632928738135112,1.141471112148594,0.0,50.22708794409896,-125.20104457380825,-74.99852785498918,-36,0.00025,0.0,0.00075,10.64325,0.22
331,Nelson Agholor,WR,132,,,,170.0,17,10,-15.0,10.860901552152283,0.0054316434862459,0.0,58.46879110318713,-125.23708930624534,-74.39314195170232,13,0.00125,0.00025,0.004,3.492,0.01
332,Dare Ogunbowale,RB,91,LV,,DEV,169.99,17,10,-88.0,10.38023860685953,0.0,0.0,59.17340853507313,-125.4537347050838,-74.99852785498918,-34,0.0015,0.0,0.0025,4.60175,0.02
333,Malik Willis,QB,31,MIA,1.0,ACT,167.56,17,8,-193.0,117.3135826261644,104.05244023509002,2.5100284200005496,268.79063875306304,-125.53904195636288,-137.81466746756706,-52,0.02575,0.0185,0.05475,9.64425,20.88
334,Miles Sanders,RB,92,,,NONE,169.99,17,10,-90.0,10.285218566256356,0.0,0.0,71.91177809566317,-125.54875474568698,-74.99852785498918,-32,0.00625,0.00075,0.01425,1.36625,0.02
335,Laquon Treadwell,WR,133,IND,5.0,ACT,169.99,17,10,-91.0,9.818712871129998,0.9084477206141592,0.0,48.637516713635016,-126.27927798726762,-74.39314195170232,17,0.0,0.0,0.00025,7.92675,0.03
336,Nick Chubb,RB,93,,,NONE,169.93,17,10,-163.0,9.110776962708837,0.0,0.0,67.3802567501725,-126.7231963492345,-74.99852785498918,-30,0.0035,0.0,0.00775,1.57875,0.2
337,Braxton Berrios,WR,134,NYG,,DEV,169.96,17,10,-154.0,9.133854674281496,1.0505812987030127e-05,0.0,51.57559458911589,-126.96413618411611,-74.39314195170232,19,0.0005,0.00025,0.003,4.1085,0.07
338,JaMycal Hasty,RB,94,,,,169.99,17,10,-94.0,8.800687183360536,0.0,0.0,49.99389678183501,-127.0332861285828,-74.99852785498918,-28,0.0005,0.0,0.0025,3.563,0.01
339,Chris Moore,WR,135,BAL,,DEV,169.99,17,10,-95.0,9.027190343780765,0.0,0.0,49.83618385490795,-127.07080051461686,-74.39314195170232,21,0.00025,0.0,0.00275,4.019,0.01
340,Kadarius Toney,WR,136,,,,169.98,17,10,-127.0,8.913758884951413,0.009426108248217,0.0,49.32603594735095,-127.1842319734462,-74.39314195170232,22,0.0,0.0,0.00175,4.176,0.06
341,Collin Johnson,WR,137,,,,170.0,17,10,-25.0,8.802626585479057,0.0,0.0,48.98790709403219,-127.29536427291856,-74.39314195170232,23,0.0005,0.00025,0.00275,3.979,0.0
342,Trenton Irwin,WR,138,,,,170.0,17,10,-26.0,8.675025280511948,0.0,0.0,49.65347739716893,-127.42296557788568,-74.39314195170232,24,0.00025,0.0,0.0025,3.81475,0.01
343,Laviska Shenault Jr.,WR,139,,,,170.0,17,10,-27.0,8.274532695026252,0.0,0.0,46.04545567982053,-127.82345816337136,-74.39314195170232,25,0.00025,0.0,0.001,4.14075,0.01
344,DeeJay Dallas,RB,95,MIN,,DEV,169.99,17,10,-100.0,7.697644661784008,0.0,0.0,42.02544185896157,-128.13632865015933,-74.99852785498918,-22,0.00025,0.0,0.0005,4.178,0.05
345,Antonio Gibson,RB,96,,,NONE,169.98,17,10,-132.0,7.029376173964396,0.0,0.0,51.94769287073244,-128.80459713797893,-74.99852785498918,-21,0.00175,0.00025,0.0055,1.2715,0.02
346,Nick Westbrook-Ikhine,WR,140,IND,,DEV,169.99,17,10,-102.0,7.160999833774579,0.0,0.0,41.50462709287024,-128.93699102462304,-74.39314195170232,28,0.0,0.0,0.0015,4.15075,0.07
347,Gabe Davis,WR,141,,,NONE,170.0,17,10,-31.0,6.821837110283944,0.0,0.0,46.42907110614448,-129.27615374811367,-74.39314195170232,29,0.00175,0.0,0.00775,1.286,0.01
348,Sterling Shepard,WR,142,,,NONE,170.0,17,10,-32.0,6.817595630233691,0.0,0.0,50.721236079513496,-129.28039522816394,-74.39314195170232,30,0.00225,0.0005,0.007,1.2145,0.02
349,Isaiah Hodgins,WR,143,,,NONE,170.0,17,10,-33.0,6.661081748684724,0.0,0.0,48.3835769918728,-129.4369091097129,-74.39314195170232,31,0.00125,0.0,0.006,1.35625,0.01
350,Hunter Renfrow,WR,144,,,NONE,169.99,17,10,-106.0,6.636541149490192,0.0,0.0,48.01246676420854,-129.46144970890742,-74.39314195170232,32,0.00125,0.0,0.008,1.15425,0.02
351,Jerome Ford,RB,97,,,NONE,169.99,17,10,-107.0,6.158386527596177,0.0,0.0,43.83934651696024,-129.67558678434716,-74.99852785498918,-15,0.0005,0.0,0.00175,1.57825,0.06
352,Brandon Powell,WR,145,,,,169.99,17,10,-108.0,6.324425325191831,0.0,0.0,37.905394057747,-129.77356553320578,-74.39314195170232,34,0.0,0.0,0.00125,3.6755,0.01
353,Jaret Patterson,RB,98,,,NONE,169.99,17,10,-109.0,6.053344880981143,0.0,0.0,40.79151115623012,-129.7806284309622,-74.99852785498918,-13,0.002,0.0005,0.0045,1.262,0.01
354,Scotty Miller,WR,146,CHI,,DEV,169.99,17,10,-110.0,6.188317106499143,0.0,0.0,37.679746594498646,-129.90967375189848,-74.39314195170232,36,0.0,0.0,0.0005,3.999,0.02
355,Clyde Edwards-Helaire,RB,99,,,NONE,169.99,17,10,-111.0,5.896988235846243,0.0,0.0,41.07183461238477,-129.9369850760971,-74.99852785498918,-11,0.002,0.0,0.005,1.1025,0.02
356,Curtis Samuel,WR,147,,,NONE,170.0,17,10,-40.0,5.190759025115423,0.0,0.0,38.18937782184064,-130.9072318332822,-74.39314195170232,38,0.001,0.00025,0.00425,1.07175,0.01
357,Josh Reynolds,WR,148,,,NONE,170.0,17,10,-41.0,5.020823546374367,0.0,0.0,34.71229895591079,-131.07716731202325,-74.39314195170232,39,0.00075,0.0,0.004,1.0435,0.01
358,JuJu Smith-Schuster,WR,149,,,NONE,169.97,17,10,-162.0,5.006975912077158,0.0,0.0,38.33222534509299,-131.09101494632046,-74.39314195170232,40,0.00125,0.0,0.0045,1.1535,0.07
359,DeAndre Carter,WR,150,,,,170.0,17,10,-43.0,4.752859501341197,0.0,0.0,28.63975555958059,-131.34513135705643,-74.39314195170232,41,0.00025,0.0,0.00125,3.383,0.01
360,Noah Brown,WR,151,,,NONE,169.99,17,10,-116.0,4.2663250385731954,0.0,0.0,29.29435922716176,-131.83166581982442,-74.39314195170232,42,0.00075,0.0,0.00275,1.01875,0.01
361,Travis Homer,RB,100,PIT,,DEV,169.99,17,10,-117.0,4.001702164287973,0.0,0.0,25.552892137104145,-131.83227114765538,-74.99852785498918,-5,0.0,0.0,0.00025,4.15425,0.02
362,Raheem Mostert,RB,101,,,NONE,169.99,17,10,-118.0,3.951856372371015,0.0,0.0,25.663369050930093,-131.8821169395723,-74.99852785498918,-4,0.00025,0.0,0.0025,0.99425,0.03
363,Tyler Johnson,WR,152,,,NONE,170.0,17,10,-47.0,4.118481815895711,0.0,0.0,27.593104827576283,-131.97950904250192,-74.39314195170232,45,0.001,0.0,0.00325,1.14275,0.02
364,DeAndre Hopkins,WR,153,,,NONE,169.98,17,10,-151.0,3.9133936102585696,0.0,0.0,22.703107133394795,-132.18459724813906,-74.39314195170232,46,0.00075,0.0,0.003,0.84725,0.06
365,Trent Sherfield,WR,154,BUF,,DEV,170.0,17,10,-49.0,3.8446356085422457,0.0,0.0,24.57797032381378,-132.2533552498554,-74.39314195170232,47,0.0,0.0,0.0005,3.46775,0.01
366,Brandin Cooks,WR,155,,,NONE,169.99,17,10,-122.0,3.80148928901004,0.0,0.0,24.904877567251027,-132.29650156938757,-74.39314195170232,48,0.00025,0.0,0.0025,0.94,0.02
367,Allen Lazard,WR,156,,,NONE,169.99,17,10,-123.0,3.728880000785411,0.0,0.0,24.28697099797158,-132.3691108576122,-74.39314195170232,49,0.00075,0.0,0.00275,0.99925,0.01
368,Van Jefferson,WR,157,,,NONE,169.98,17,10,-155.0,3.5307778766076257,0.0,0.0,24.338813354091297,-132.56721298179,-74.39314195170232,50,0.0,0.0,0.00125,1.086,0.04
369,Tyler Lockett,WR,158,,,NONE,169.99,17,10,-125.0,3.5122484618233947,0.0,0.0,21.43924042201409,-132.58574239657423,-74.39314195170232,51,0.00075,0.0,0.0015,0.9165,0.04
370,Zay Jones,WR,159,,,NONE,169.98,17,10,-157.0,3.4251425012534287,0.0,0.0,23.04068942046609,-132.6728483571442,-74.39314195170232,52,0.0,0.0,0.0005,0.9595,0.02
371,Robbie Chosen,WR,160,,,NONE,170.0,17,10,-55.0,3.415231568456085,0.0,0.0,22.98196945331624,-132.68275928994154,-74.39314195170232,53,0.0,0.0,0.00225,0.84425,0.01
372,Cam Akers,RB,102,,,NONE,169.99,17,10,-128.0,3.059199726758193,0.0,0.0,17.093089268660407,-132.77477358518516,-74.99852785498918,6,0.0,0.0,0.00075,0.949,0.02
373,Marquez Valdes-Scantling,WR,161,,,NONE,169.99,17,10,-129.0,3.275364889258132,0.0,0.0,20.25042331060721,-132.8226259691395,-74.39314195170232,55,0.0,0.0,0.00175,0.9295,0.04
374,Myles Gaskin,RB,103,,,NONE,169.99,17,10,-130.0,2.7227964768473787,0.0,0.0,14.617257717308268,-133.11117683509596,-74.99852785498918,8,0.00025,0.0,0.001,0.789,0.01
375,Dante Pettis,WR,162,,,NONE,169.99,17,10,-131.0,2.788106769034145,0.0,0.0,15.603948354040984,-133.30988408936346,-74.39314195170232,57,0.00025,0.0,0.00175,0.8845,0.01
376,Elijah Mitchell,RB,104,,,NONE,170.0,17,10,-60.0,2.4597884942095343,0.0,0.0,13.094373382459876,-133.3741848177338,-74.99852785498918,10,0.0,0.0,0.00025,0.81775,0.01
377,Justin Watson,WR,163,,,NONE,169.98,17,10,-164.0,2.6553595604010725,0.0,0.0,16.744989784247565,-133.44263129799654,-74.39314195170232,59,0.00025,0.0,0.0015,0.85175,0.03
378,Cedrick Wilson Jr.,WR,164,,,NONE,170.0,17,10,-62.0,2.304133936071629,0.0,0.0,11.724833114085092,-133.793856922326,-74.39314195170232,60,0.0,0.0,0.00075,0.90625,0.02
379,Khalil Herbert,RB,105,,,NONE,169.99,17,10,-135.0,1.870174591093623,0.0,0.0,9.422738603319448,-133.96379872084972,-74.99852785498918,13,0.0,0.0,0.00025,0.9075,0.03
380,Adam Thielen,WR,165,MIN,,RET,169.99,17,10,-136.0,1.7966216925913283,0.0,0.0,4.51272175482692,-134.3013691658063,-74.39314195170232,62,0.0,0.0,0.00075,0.5525,0.03
381,D'Ernest Johnson,RB,106,,,NONE,170.0,17,10,-65.0,1.5270470156271292,0.0,0.0,4.932468647754997,-134.30692629631622,-74.99852785498918,15,0.0,0.0,0.00075,0.796,0.01
382,Nyheim Hines,RB,107,,,NONE,170.0,17,10,-66.0,1.3488486998708455,0.0,0.0,5.565141504146103,-134.4851246120725,-74.99852785498918,16,0.0,0.0,0.0,0.729,0.01
383,Mecole Hardman Jr.,WR,166,,,NONE,169.99,17,10,-139.0,1.4566834977822325,0.0,0.0,4.7791328513924345,-134.6413073606154,-74.39314195170232,65,0.0,0.0,0.0005,0.73725,0.03
384,Steven Sims,WR,167,,,NONE,170.0,17,10,-68.0,0.918597717146637,0.0,0.0,2.5198226723225323,-135.17939314125098,-74.39314195170232,66,0.0,0.0,0.0,0.78925,0.0
385,Xavier Gipson,WR,168,NYG,,CUT,170.0,17,10,-69.0,0.8040243420501857,0.0,0.0,1.3433911800023677,-135.29396651634744,-74.39314195170232,67,0.0,0.0,0.0,0.84,0.01
386,Joe Flacco,QB,32,CIN,2.0,ACT,169.97,17,10,-190.0,105.8084828490328,94.77578658098491,0.0,253.52481802439155,-137.04414173349448,-149.00270831070654,0,0.00975,0.00675,0.04225,8.34025,0.34
387,Justin Fields,QB,33,KC,2.0,ACT,169.96,17,10,-204.0,101.35672032792564,83.90735690362852,0.0,247.8883941860265,-141.49590425460164,-151.6658143244493,0,0.0105,0.00525,0.036,7.757,0.47
388,Michael Penix Jr.,QB,34,ATL,2.0,ACT,170.1,18,0,-13.0,90.4343415313291,70.50895720002757,0.0,248.04445735913365,-152.4182830511982,-161.36346540336731,0,0.0145,0.0115,0.0385,7.18675,1.01
389,J.J. McCarthy,QB,35,MIN,2.0,ACT,169.9,17,10,-219.0,87.04485410534981,68.11033875717627,0.0,240.40243844728985,-155.80777047717748,-162.82070124038663,0,0.013,0.0075,0.0325,7.05275,0.77
390,Spencer Rattler,QB,36,NO,2.0,ACT,169.99,17,10,-146.0,81.01132652336076,60.296669728588576,0.0,226.53458287757823,-161.84129805916652,-165.8050618547646,0,0.0105,0.0075,0.02975,6.81325,0.06
391,Marcus Mariota,QB,37,WAS,2.0,ACT,169.99,17,10,-147.0,69.3587212121646,53.52109702905901,0.0,189.3521306129849,-173.4939033703627,-167.35180313930144,0,0.001,0.0005,0.00625,6.9655,0.09
392,Shedeur Sanders,QB,38,CLE,2.0,ACT,169.89,17,10,-223.0,64.4073062240282,39.98677445324331,0.0,209.27630055026225,-178.4453183584991,-177.40813993484696,-2,0.00725,0.00475,0.0155,5.5555,2.37
393,Mac Jones,QB,39,SF,2.0,ACT,169.98,17,10,-180.0,63.97376702559024,47.824648786687646,0.0,182.4146496989994,-178.87885755693705,-171.1975039098499,1,0.0005,0.0005,0.00425,6.673,0.27
394,Anthony Richardson Sr.,QB,40,IND,2.0,ACT,169.98,17,10,-181.0,63.032062679219294,42.44311874205512,0.0,198.19445120723609,-179.82056190330798,-174.828075783439,1,0.0035,0.00225,0.012,5.4185,0.17
395,Tyler Huntley,QB,41,BAL,2.0,ACT,169.98,17,10,-182.0,50.08250730315426,29.941359575306,0.0,172.94913959812186,-192.77011727937304,-180.02210736607785,0,0.002,0.00075,0.0055,5.0765,0.08
396,Tyrod Taylor,QB,42,GB,2.0,ACT,169.98,17,10,-183.0,45.94843823624609,30.40261736337052,0.0,147.92078264112948,-196.9041863462812,-180.26221903185632,0,0.0,0.0,0.001,5.4005,0.08
397,Mason Rudolph,QB,43,PIT,2.0,ACT,169.98,17,10,-184.0,43.73104894495792,24.735679331645883,0.0,152.1809903472489,-199.12157563756935,-182.2083941445172,-2,0.00175,0.001,0.0045,4.72,0.06
398,Gardner Minshew II,QB,44,ARI,2.0,ACT,169.97,17,10,-202.0,40.120315908146125,24.004923330413845,0.0,137.48137514189406,-202.7323086743812,-181.694341024742,0,0.0,0.0,0.001,4.60025,0.06
399,Davis Mills,QB,45,HOU,2.0,ACT,169.99,17,10,-155.0,40.110024333729015,23.56240318145058,0.0,135.26534235699066,-202.74260024879828,-181.08410713257493,2,0.0,0.0,0.0005,4.66975,0.05
400,Drew Lock,QB,46,SEA,2.0,ACT,169.97,17,10,-204.0,37.171735374238864,21.33925969730581,0.0,129.42923531717602,-205.6808892082884,-182.86659206247143,0,0.0,0.00025,0.00075,4.66725,0.08
401,Jameis Winston,QB,47,NYG,2.0,ACT,169.96,17,10,-218.0,35.59472103129974,19.57156952127137,0.0,128.7024907502966,-207.25790355122757,-183.3260604698596,0,0.0,0.0,0.00075,4.15925,0.3
402,Tyson Bagent,QB,48,CHI,2.0,ACT,169.98,17,10,-189.0,33.17597579800249,16.52773602610283,0.0,126.20962845025048,-209.6766487845248,-185.27567499682712,-1,0.00125,0.001,0.0025,3.96325,0.12
403,Kenny Pickett,QB,49,CAR,2.0,ACT,169.97,17,10,-207.0,32.245110807364306,17.443971236691468,0.0,119.97676104558391,-210.60751377516297,-185.37555986213945,-1,0.00025,0.00025,0.0015,4.35925,0.09
404,Mitchell Trubisky,QB,50,TEN,2.0,ACT,169.99,17,10,-160.0,32.20758979157483,17.63923221112298,0.0,116.6664210291156,-210.64503479095245,-184.62143515433937,2,0.0,0.0,0.00025,4.1065,0.05
405,Trey Lance,QB,51,LAC,2.0,ACT,169.99,17,10,-161.0,30.19416507416445,15.142837113884916,0.0,116.4832600157612,-212.6584595083628,-186.2264679713697,0,0.0,0.0,0.001,3.94325,0.06
406,Joshua Dobbs,QB,52,DET,2.0,ACT,169.96,17,10,-223.0,29.39046909702329,14.869821383244716,0.0,113.45494955136598,-213.462155485504,-186.46993210194515,0,0.00025,0.00025,0.0005,3.9345,0.08
407,Carson Wentz,QB,53,MIN,3.0,ACT,169.98,17,10,-194.0,26.926670242100432,7.989964449659674,0.0,113.07932041114827,-215.92595434042684,-187.5962019336724,-9,0.0,0.0,0.00025,3.4255,0.06
408,Dillon Gabriel,QB,54,CLE,4.0,RES,169.99,17,10,-164.0,23.322591494271403,0.5455624501146924,0.0,107.80482696369006,-219.5300330882559,-187.5962019336724,-8,0.00025,0.0,0.0005,3.54325,0.05
409,Kyle Allen,QB,55,BUF,2.0,ACT,169.96,17,10,-226.0,22.501070640070203,9.793246062700788,0.0,89.30921797412704,-220.3515539424571,-187.59416027746323,2,0.0,0.0,0.0,3.83625,0.09
410,Taylor Heinicke,QB,56,,,,170.0,17,10,-94.0,19.35393362490015,1.0369026691490075,0.0,94.9171891132752,-223.49869095762716,-187.5962019336724,-6,0.0005,0.00025,0.00225,2.04275,0.01
411,Deshaun Watson,QB,57,,,,170.11,18,0,-33.0,17.33221133499897,1.2872126370691066,0.0,84.94877728454188,-225.52041324752832,-187.5962019336724,-5,0.0,0.00025,0.00025,1.909,1.99
412,Nick Mullens,QB,58,JAX,,DEV,169.99,17,10,-168.0,16.807127573311845,0.2676987333232539,0.0,80.96657787402285,-226.04549700921544,-187.5962019336724,-4,0.00025,0.0,0.00125,2.2975,0.03
413,Aidan O'Connell,QB,59,,,,169.99,17,10,-169.0,16.140242421180844,0.0297724147979909,0.0,85.64523925901841,-226.71238216134643,-187.5962019336724,-3,0.0,0.0,0.0005,1.83975,0.03
414,Cooper Rush,QB,60,ATL,3.0,ACT,169.99,17,10,-170.0,16.10753012422037,0.4918711825546253,0.0,79.36581682480274,-226.7450944583069,-187.5962019336724,-2,0.0005,0.00025,0.0005,2.66,0.03
415,Desmond Ridder,QB,61,,,,169.99,17,10,-171.0,15.326238581256304,0.0238330436308764,0.0,77.99715619153581,-227.526386001271,-187.5962019336724,-1,0.0005,0.0005,0.00125,1.76,0.01
416,Will Levis,QB,62,,,,169.98,17,10,-203.0,15.009059527377838,0.1870677953480515,0.0,73.50325052326569,-227.84356505514944,-187.5962019336724,0,0.00025,0.00025,0.00025,1.75375,0.04
417,Zach Wilson,QB,63,NO,3.0,ACT,169.99,17,10,-173.0,14.705336054680522,0.0191562446836562,0.0,75.05188251160037,-228.1472885278468,-187.5962019336724,1,0.0,0.0,0.0,2.39925,0.04
418,Brandon Allen,QB,64,,,,169.99,17,10,-174.0,12.756518928911545,0.0,0.0,65.11123111231912,-230.09610565361572,-187.5962019336724,2,0.0,0.0,0.00025,1.6585,0.02
419,Tommy DeVito,QB,65,,,,169.95,17,10,-238.0,12.306450998248351,0.0,0.0,62.242125016125215,-230.54617358427893,-187.5962019336724,3,0.0,0.0,0.00025,1.5755,0.16
420,Sam Howell,QB,66,,,,169.97,17,10,-224.0,11.90236294433186,0.0,0.0,63.40296647554349,-230.95026163819543,-187.5962019336724,4,0.0,0.0,0.0,1.555,0.09
421,Russell Wilson,QB,67,,,NONE,169.97,17,10,-225.0,11.870182285869438,0.0,0.0,94.78811059640492,-230.98244229665784,-187.5962019336724,5,0.00025,0.0005,0.00175,0.99025,0.06
422,Jake Browning,QB,68,,,NONE,169.99,17,10,-178.0,7.172179614039952,0.0,0.0,48.69537021395592,-235.6804449684873,-187.5962019336724,6,0.0,0.0,0.001,0.71025,0.04
423,Taysom Hill,QB,69,,,NONE,169.97,17,10,-227.0,4.735191552161766,0.0,0.0,34.618748929718485,-238.11743303036556,-187.5962019336724,7,0.0,0.0,0.00025,0.8,0.08
424,Philip Rivers,QB,70,,,NONE,169.87,17,10,-258.0,4.695943987311333,0.0,0.0,27.383132695207184,-238.156680595216,-187.5962019336724,8,0.00025,0.0,0.00025,0.493,0.32
